日期,單位名稱,買進金額,賣出金額,買賣差額
2024-01-02,自營商(自行買賣),"4,473,338,103","4,452,269,735","21,068,368"
2024-01-02,自營商(避險),"8,254,527,326","12,723,715,597","-4,469,188,271"
2024-01-02,投信,"11,454,000,731","11,264,363,096","189,637,635"
2024-01-02,外資及陸資(不含外資自營商),"86,395,611,608","85,348,533,425","1,047,078,183"
2024-01-02,外資自營商,"828,430","149,110","679,320"
2024-01-02,合計,"110,577,477,768","113,788,881,853","-3,211,404,085"
2024-01-03,外資自營商,"445,460","395,910","49,550"
2024-01-03,外資及陸資(不含外資自營商),"83,339,685,336","106,145,671,842","-22,805,986,506"
2024-01-03,合計,"107,392,868,429","136,008,722,338","-28,615,853,909"
2024-01-03,自營商(避險),"9,752,887,716","17,852,211,238","-8,099,323,522"
2024-01-03,投信,"9,422,277,837","6,138,523,730","3,283,754,107"
2024-01-03,自營商(自行買賣),"4,878,017,540","5,872,315,528","-994,297,988"
2024-01-04,自營商(自行買賣),"3,574,926,090","4,866,930,074","-1,292,003,984"
2024-01-04,自營商(避險),"9,542,193,743","13,497,807,982","-3,955,614,239"
2024-01-04,投信,"9,303,664,394","6,041,007,641","3,262,656,753"
2024-01-04,外資及陸資(不含外資自營商),"77,905,068,974","81,369,284,912","-3,464,215,938"
2024-01-04,外資自營商,"1,620,700","217,260","1,403,440"
2024-01-04,合計,"100,325,853,201","105,775,030,609","-5,449,177,408"
2024-01-05,外資自營商,"286,660","180,730","105,930"
2024-01-05,外資及陸資(不含外資自營商),"78,290,096,617","82,519,371,709","-4,229,275,092"
2024-01-05,合計,"97,317,428,501","100,422,358,490","-3,104,929,989"
2024-01-05,投信,"7,853,254,663","2,677,438,323","5,175,816,340"
2024-01-05,自營商(自行買賣),"3,231,934,615","3,432,011,512","-200,076,897"
2024-01-05,自營商(避險),"7,942,142,606","11,793,536,946","-3,851,394,340"
2024-01-08,自營商(自行買賣),"3,576,005,646","3,717,386,966","-141,381,320"
2024-01-08,自營商(避險),"8,488,621,148","13,821,473,721","-5,332,852,573"
2024-01-08,投信,"5,638,483,744","3,450,196,709","2,188,287,035"
2024-01-08,外資及陸資(不含外資自營商),"78,263,512,795","75,867,195,111","2,396,317,684"
2024-01-08,外資自營商,"219,360","43,330","176,030"
2024-01-08,合計,"95,966,623,333","96,856,252,507","-889,629,174"
2024-01-09,自營商(自行買賣),"4,699,591,215","5,585,844,321","-886,253,106"
2024-01-09,自營商(避險),"7,629,034,855","14,456,066,162","-6,827,031,307"
2024-01-09,投信,"8,408,081,160","4,525,979,303","3,882,101,857"
2024-01-09,外資及陸資(不含外資自營商),"91,301,570,349","91,885,583,856","-584,013,507"
2024-01-09,外資自營商,"233,100","312,960","-79,860"
2024-01-09,合計,"112,038,277,579","116,453,473,642","-4,415,196,063"
2024-01-10,外資及陸資(不含外資自營商),"77,051,944,120","80,166,806,589","-3,114,862,469"
2024-01-10,外資自營商,"318,610","186,360","132,250"
2024-01-10,合計,"94,867,691,218","98,752,914,081","-3,885,222,863"
2024-01-10,投信,"6,885,022,350","4,464,113,659","2,420,908,691"
2024-01-10,自營商(自行買賣),"3,045,364,283","3,119,532,624","-74,168,341"
2024-01-10,自營商(避險),"7,885,360,465","11,002,461,209","-3,117,100,744"
2024-01-11,自營商(自行買賣),"4,793,889,379","3,929,828,729","864,060,650"
2024-01-11,自營商(避險),"9,563,738,015","11,781,355,657","-2,217,617,642"
2024-01-11,投信,"7,102,350,417","5,769,852,455","1,332,497,962"
2024-01-11,外資及陸資(不含外資自營商),"95,496,557,678","91,890,630,121","3,605,927,557"
2024-01-11,外資自營商,"401,440","117,440","284,000"
2024-01-11,合計,"116,956,535,489","113,371,666,962","3,584,868,527"
2024-01-12,外資自營商,"3,125,410","125,490","2,999,920"
2024-01-12,自營商(自行買賣),"3,951,848,617","4,295,429,281","-343,580,664"
2024-01-12,外資及陸資(不含外資自營商),"85,136,372,308","82,400,241,219","2,736,131,089"
2024-01-12,合計,"105,156,319,597","105,771,550,732","-615,231,135"
2024-01-12,投信,"6,912,071,252","6,033,612,881","878,458,371"
2024-01-12,自營商(避險),"9,156,027,420","13,042,267,351","-3,886,239,931"
2024-01-15,外資及陸資(不含外資自營商),"78,650,102,804","87,737,949,272","-9,087,846,468"
2024-01-15,外資自營商,"240,130","36,610","203,520"
2024-01-15,合計,"99,822,939,456","108,568,773,984","-8,745,834,528"
2024-01-15,投信,"6,843,747,438","4,649,161,086","2,194,586,352"
2024-01-15,自營商(自行買賣),"4,565,964,622","3,601,853,465","964,111,157"
2024-01-15,自營商(避險),"9,763,124,592","12,579,810,161","-2,816,685,569"
2024-01-16,投信,"8,344,618,151","8,370,853,341","-26,235,190"
2024-01-16,外資及陸資(不含外資自營商),"75,629,202,373","120,760,399,618","-45,131,197,245"
2024-01-16,外資自營商,"34,250","78,670","-44,420"
2024-01-16,自營商(自行買賣),"5,090,562,583","3,642,750,315","1,447,812,268"
2024-01-16,自營商(避險),"13,181,195,576","18,016,705,039","-4,835,509,463"
2024-01-16,合計,"102,245,578,683","150,790,708,313","-48,545,129,630"
2024-01-17,自營商(避險),"15,872,139,979","22,968,368,177","-7,096,228,198"
2024-01-17,合計,"143,574,274,190","213,137,985,224","-69,563,711,034"
2024-01-17,外資及陸資(不含外資自營商),"100,029,105,081","178,251,840,317","-78,222,735,236"
2024-01-17,投信,"12,492,965,344","5,318,579,976","7,174,385,368"
2024-01-17,自營商(自行買賣),"15,180,063,786","6,599,196,754","8,580,867,032"
2024-01-17,外資自營商,"104,200","285,900","-181,700"
2024-01-18,合計,"112,313,370,635","119,952,640,195","-7,639,269,560"
2024-01-18,外資自營商,"70,560","140,660","-70,100"
2024-01-18,外資及陸資(不含外資自營商),"89,552,442,350","98,285,734,513","-8,733,292,163"
2024-01-18,投信,"8,042,182,603","4,734,344,802","3,307,837,801"
2024-01-18,自營商(避險),"10,035,272,533","13,154,895,304","-3,119,622,771"
2024-01-18,自營商(自行買賣),"4,683,473,149","3,777,665,576","905,807,573"
2024-01-19,外資自營商,"207,500","75,290","132,210"
2024-01-19,外資及陸資(不含外資自營商),"198,118,676,661","117,321,587,269","80,797,089,392"
2024-01-19,合計,"225,853,773,247","140,364,928,958","85,488,844,289"
2024-01-19,自營商(避險),"12,360,272,460","12,076,770,403","283,502,057"
2024-01-19,自營商(自行買賣),"5,555,437,225","5,227,306,459","328,130,766"
2024-01-19,投信,"9,819,386,901","5,739,264,827","4,080,122,074"
2024-01-22,自營商(自行買賣),"6,349,535,446","5,996,097,824","353,437,622"
2024-01-22,自營商(避險),"12,260,553,803","10,668,750,177","1,591,803,626"
2024-01-22,投信,"9,145,933,782","8,214,230,138","931,703,644"
2024-01-22,外資及陸資(不含外資自營商),"159,639,395,331","122,694,918,503","36,944,476,828"
2024-01-22,外資自營商,"116,990","923,890","-806,900"
2024-01-22,合計,"187,395,418,362","147,573,996,642","39,821,421,720"
2024-01-23,投信,"5,092,762,471","6,094,925,367","-1,002,162,896"
2024-01-23,自營商(自行買賣),"4,913,038,131","4,056,211,471","856,826,660"
2024-01-23,外資及陸資(不含外資自營商),"113,867,342,570","104,804,666,077","9,062,676,493"
2024-01-23,合計,"134,991,798,021","124,539,493,838","10,452,304,183"
2024-01-23,自營商(避險),"11,118,654,849","9,583,690,923","1,534,963,926"
2024-01-23,外資自營商,"810,370","245,710","564,660"
2024-01-24,投信,"3,726,826,735","6,061,027,176","-2,334,200,441"
2024-01-24,外資及陸資(不含外資自營商),"89,579,534,142","87,634,316,631","1,945,217,511"
2024-01-24,外資自營商,"361,450","93,600","267,850"
2024-01-24,合計,"105,865,936,564","106,758,531,592","-892,595,028"
2024-01-24,自營商(自行買賣),"4,084,534,319","4,177,981,738","-93,447,419"
2024-01-24,自營商(避險),"8,475,041,368","8,885,206,047","-410,164,679"
2024-01-25,自營商(自行買賣),"4,306,911,053","4,642,347,062","-335,436,009"
2024-01-25,投信,"3,969,419,516","4,720,127,271","-750,707,755"
2024-01-25,合計,"129,340,044,216","101,386,125,675","27,953,918,541"
2024-01-25,自營商(避險),"11,087,702,686","10,091,073,903","996,628,783"
2024-01-25,外資及陸資(不含外資自營商),"109,976,010,961","81,932,577,439","28,043,433,522"
2024-01-25,外資自營商,"271,840","317,020","-45,180"
2024-01-26,合計,"108,771,230,594","108,670,339,247","100,891,347"
2024-01-26,外資及陸資(不含外資自營商),"93,168,421,265","87,897,933,286","5,270,487,979"
2024-01-26,外資自營商,"377,000","162,060","214,940"
2024-01-26,自營商(避險),"7,954,709,487","10,443,016,870","-2,488,307,383"
2024-01-26,投信,"4,555,638,360","5,740,594,610","-1,184,956,250"
2024-01-26,自營商(自行買賣),"3,092,461,482","4,588,794,481","-1,496,332,999"
2024-01-29,外資及陸資(不含外資自營商),"83,907,356,371","71,131,529,946","12,775,826,425"
2024-01-29,合計,"100,727,111,084","83,811,646,294","16,915,464,790"
2024-01-29,外資自營商,"6,540","29,440","-22,900"
2024-01-29,自營商(自行買賣),"3,275,126,647","2,808,931,212","466,195,435"
2024-01-29,投信,"4,287,900,893","2,780,229,057","1,507,671,836"
2024-01-29,自營商(避險),"9,256,727,173","7,090,956,079","2,165,771,094"
2024-01-30,合計,"121,059,014,260","120,780,371,427","278,642,833"
2024-01-30,外資及陸資(不含外資自營商),"103,000,627,653","101,479,795,306","1,520,832,347"
2024-01-30,投信,"4,327,957,152","5,827,021,691","-1,499,064,539"
2024-01-30,自營商(自行買賣),"4,385,589,502","3,687,156,714","698,432,788"
2024-01-30,自營商(避險),"9,344,839,953","9,786,397,716","-441,557,763"
2024-01-30,外資自營商,"311,980","167,140","144,840"
2024-01-31,外資自營商,"116,280","307,410","-191,130"
2024-01-31,外資及陸資(不含外資自營商),"96,080,214,286","108,526,561,302","-12,446,347,016"
2024-01-31,合計,"110,251,152,180","126,629,149,310","-16,377,997,130"
2024-01-31,自營商(自行買賣),"3,812,812,999","3,554,523,524","258,289,475"
2024-01-31,自營商(避險),"7,732,803,353","9,729,005,367","-1,996,202,014"
2024-01-31,投信,"2,625,321,542","4,819,059,117","-2,193,737,575"
2024-02-01,投信,"5,005,383,011","5,338,769,001","-333,385,990"
2024-02-01,自營商(避險),"10,114,723,688","10,276,520,504","-161,796,816"
2024-02-01,合計,"133,334,124,147","111,116,143,164","22,217,980,983"
2024-02-01,外資自營商,"125,430","195,080","-69,650"
2024-02-01,自營商(自行買賣),"5,235,031,493","4,509,757,633","725,273,860"
2024-02-01,外資及陸資(不含外資自營商),"112,978,985,955","90,991,096,026","21,987,889,929"
2024-02-02,外資及陸資(不含外資自營商),"108,556,193,603","93,389,472,511","15,166,721,092"
2024-02-02,外資自營商,"286,170","24,180","261,990"
2024-02-02,自營商(避險),"8,870,171,754","9,774,550,653","-904,378,899"
2024-02-02,投信,"5,484,440,676","5,881,557,289","-397,116,613"
2024-02-02,合計,"128,591,615,208","113,933,021,986","14,658,593,222"
2024-02-02,自營商(自行買賣),"5,680,809,175","4,887,441,533","793,367,642"
2024-02-05,自營商(自行買賣),"4,098,486,709","4,903,407,833","-804,921,124"
2024-02-05,外資及陸資(不含外資自營商),"100,893,980,432","107,065,989,983","-6,172,009,551"
2024-02-05,合計,"118,673,011,041","131,742,524,009","-13,069,512,968"
2024-02-05,投信,"4,671,941,400","7,146,276,936","-2,474,335,536"
2024-02-05,自營商(避險),"9,008,602,500","12,626,849,257","-3,618,246,757"
2024-02-05,外資自營商,"62,500","8,920","53,580"
2024-02-15,合計,"262,499,766,721","200,903,108,838","61,596,657,883"
2024-02-15,外資及陸資(不含外資自營商),"232,043,404,585","175,786,296,688","56,257,107,897"
2024-02-15,外資自營商,"296,260","791,920","-495,660"
2024-02-15,自營商(自行買賣),"8,390,717,973","6,170,537,530","2,220,180,443"
2024-02-15,自營商(避險),"16,351,824,282","12,164,014,957","4,187,809,325"
2024-02-15,投信,"5,713,819,881","6,782,259,663","-1,068,439,782"
2024-02-16,自營商(避險),"12,679,905,319","10,646,517,262","2,033,388,057"
2024-02-16,投信,"4,656,070,464","6,948,276,149","-2,292,205,685"
2024-02-16,合計,"167,168,495,550","160,394,556,783","6,773,938,767"
2024-02-16,自營商(自行買賣),"8,738,841,261","5,440,233,453","3,298,607,808"
2024-02-16,外資及陸資(不含外資自營商),"141,093,678,506","137,359,529,919","3,734,148,587"
2024-02-16,外資自營商,"881,320","533,640","347,680"
2024-02-19,合計,"130,571,546,693","140,011,649,912","-9,440,103,219"
2024-02-19,外資及陸資(不含外資自營商),"106,011,362,182","116,965,416,152","-10,954,053,970"
2024-02-19,投信,"6,138,573,242","6,562,638,898","-424,065,656"
2024-02-19,外資自營商,"416,590","148,280","268,310"
2024-02-19,自營商(自行買賣),"8,021,329,278","4,978,333,395","3,042,995,883"
2024-02-19,自營商(避險),"10,400,281,991","11,505,261,467","-1,104,979,476"
2024-02-20,投信,"5,829,951,137","7,135,682,199","-1,305,731,062"
2024-02-20,外資自營商,"215,320","279,270","-63,950"
2024-02-20,自營商(避險),"11,959,073,265","11,360,271,208","598,802,057"
2024-02-20,自營商(自行買賣),"4,821,506,059","5,172,771,313","-351,265,254"
2024-02-20,外資及陸資(不含外資自營商),"117,302,245,685","110,923,802,402","6,378,443,283"
2024-02-20,合計,"139,912,776,146","134,592,527,122","5,320,249,024"
2024-02-21,自營商(自行買賣),"7,705,181,324","4,652,301,899","3,052,879,425"
2024-02-21,外資及陸資(不含外資自營商),"103,543,963,780","117,061,553,706","-13,517,589,926"
2024-02-21,合計,"128,824,236,572","138,759,542,772","-9,935,306,200"
2024-02-21,外資自營商,"306,200","501,500","-195,300"
2024-02-21,投信,"5,340,409,648","5,514,972,761","-174,563,113"
2024-02-21,自營商(避險),"12,234,681,820","11,530,714,406","703,967,414"
2024-02-22,外資及陸資(不含外資自營商),"129,141,580,833","112,660,320,413","16,481,260,420"
2024-02-22,合計,"157,189,055,033","133,172,404,222","24,016,650,811"
2024-02-22,自營商(自行買賣),"9,211,953,344","4,456,364,514","4,755,588,830"
2024-02-22,外資自營商,"646,250","882,860","-236,610"
2024-02-22,投信,"5,320,969,048","5,653,723,490","-332,754,442"
2024-02-22,自營商(避險),"13,514,551,808","10,401,995,805","3,112,556,003"
2024-02-23,合計,"179,049,116,316","148,812,824,466","30,236,291,850"
2024-02-23,外資自營商,"1,055,430","1,039,120","16,310"
2024-02-23,外資及陸資(不含外資自營商),"154,345,119,255","123,516,015,853","30,829,103,402"
2024-02-23,投信,"4,589,185,871","7,058,863,573","-2,469,677,702"
2024-02-23,自營商(避險),"13,749,441,514","12,665,383,018","1,084,058,496"
2024-02-23,自營商(自行買賣),"6,365,369,676","5,572,562,022","792,807,654"
2024-02-26,合計,"134,298,903,093","130,749,034,356","3,549,868,737"
2024-02-26,自營商(避險),"11,594,009,946","12,892,446,292","-1,298,436,346"
2024-02-26,投信,"5,307,772,057","8,391,870,188","-3,084,098,131"
2024-02-26,自營商(自行買賣),"7,004,551,567","4,127,341,724","2,877,209,843"
2024-02-26,外資及陸資(不含外資自營商),"110,392,569,523","105,337,376,152","5,055,193,371"
2024-02-26,外資自營商,"1,233,290","760,960","472,330"
2024-02-27,自營商(自行買賣),"6,963,178,826","7,655,423,081","-692,244,255"
2024-02-27,外資自營商,"963,800","899,320","64,480"
2024-02-27,自營商(避險),"11,119,887,228","15,653,588,398","-4,533,701,170"
2024-02-27,合計,"155,486,608,638","175,456,239,467","-19,969,630,829"
2024-02-27,外資及陸資(不含外資自營商),"131,629,546,123","143,813,220,218","-12,183,674,095"
2024-02-27,投信,"5,773,996,461","8,334,007,770","-2,560,011,309"
2024-02-29,投信,"4,834,785,704","5,663,225,355","-828,439,651"
2024-02-29,自營商(自行買賣),"7,568,194,952","3,705,688,375","3,862,506,577"
2024-02-29,外資及陸資(不含外資自營商),"182,849,704,612","179,720,379,339","3,129,325,273"
2024-02-29,外資自營商,"806,120","423,460","382,660"
2024-02-29,合計,"207,552,069,715","199,665,503,681","7,886,566,034"
2024-02-29,自營商(避險),"12,299,384,447","10,576,210,612","1,723,173,835"
2024-03-01,合計,"153,773,834,367","148,559,891,208","5,213,943,159"
2024-03-01,自營商(自行買賣),"8,219,943,339","7,281,923,544","938,019,795"
2024-03-01,自營商(避險),"10,689,305,850","16,790,831,268","-6,101,525,418"
2024-03-01,外資自營商,"442,610","1,077,310","-634,700"
2024-03-01,外資及陸資(不含外資自營商),"128,706,177,595","118,435,211,312","10,270,966,283"
2024-03-01,投信,"6,158,407,583","6,051,925,084","106,482,499"
2024-03-04,外資及陸資(不含外資自營商),"171,115,913,415","134,237,257,187","36,878,656,228"
2024-03-04,外資自營商,"1,168,280","846,170","322,110"
2024-03-04,合計,"207,182,980,675","162,668,399,217","44,514,581,458"
2024-03-04,自營商(自行買賣),"8,179,342,484","7,082,079,935","1,097,262,549"
2024-03-04,投信,"12,313,143,750","4,834,123,503","7,479,020,247"
2024-03-04,自營商(避險),"15,574,581,026","16,514,938,592","-940,357,566"
2024-03-05,投信,"8,642,953,700","5,816,703,513","2,826,250,187"
2024-03-05,外資及陸資(不含外資自營商),"144,657,498,882","138,800,034,938","5,857,463,944"
2024-03-05,合計,"173,194,934,994","166,248,525,759","6,946,409,235"
2024-03-05,自營商(自行買賣),"5,489,733,102","5,097,070,333","392,662,769"
2024-03-05,外資自營商,"1,057,390","1,377,770","-320,380"
2024-03-05,自營商(避險),"14,404,749,310","16,534,716,975","-2,129,967,665"
2024-03-06,外資自營商,"1,042,700","595,880","446,820"
2024-03-06,自營商(避險),"13,225,873,692","16,602,965,567","-3,377,091,875"
2024-03-06,外資及陸資(不含外資自營商),"132,277,630,768","133,413,607,714","-1,135,976,946"
2024-03-06,投信,"8,831,184,525","6,219,580,543","2,611,603,982"
2024-03-06,自營商(自行買賣),"6,926,174,648","5,164,337,816","1,761,836,832"
2024-03-06,合計,"161,260,863,633","161,400,491,640","-139,628,007"
2024-03-07,自營商(自行買賣),"6,813,451,441","9,602,865,498","-2,789,414,057"
2024-03-07,外資及陸資(不含外資自營商),"174,598,284,087","162,645,657,062","11,952,627,025"
2024-03-07,自營商(避險),"16,883,801,121","19,750,569,424","-2,866,768,303"
2024-03-07,投信,"11,009,419,509","8,189,445,617","2,819,973,892"
2024-03-07,外資自營商,"1,115,030","320,220","794,810"
2024-03-07,合計,"209,304,956,158","200,188,537,601","9,116,418,557"
2024-03-08,外資自營商,"683,320","1,966,140","-1,282,820"
2024-03-08,外資及陸資(不含外資自營商),"223,941,147,947","180,704,895,497","43,236,252,450"
2024-03-08,合計,"265,909,680,982","225,338,258,574","40,571,422,408"
2024-03-08,自營商(避險),"22,911,408,805","22,406,084,961","505,323,844"
2024-03-08,投信,"10,220,856,129","9,986,353,145","234,502,984"
2024-03-08,自營商(自行買賣),"8,836,268,101","12,240,924,971","-3,404,656,870"
2024-03-11,外資及陸資(不含外資自營商),"140,592,456,682","145,199,753,075","-4,607,296,393"
2024-03-11,合計,"171,036,442,799","170,320,885,342","715,557,457"
2024-03-11,外資自營商,"451,700","242,300","209,400"
2024-03-11,自營商(避險),"14,174,842,736","13,667,240,971","507,601,765"
2024-03-11,投信,"8,227,823,174","5,587,129,287","2,640,693,887"
2024-03-11,自營商(自行買賣),"8,041,320,207","5,866,762,009","2,174,558,198"
2024-03-12,外資及陸資(不含外資自營商),"152,204,454,737","146,392,796,839","5,811,657,898"
2024-03-12,自營商(自行買賣),"10,238,809,507","4,759,150,984","5,479,658,523"
2024-03-12,合計,"189,366,633,249","173,120,205,685","16,246,427,564"
2024-03-12,投信,"9,999,433,907","9,218,605,384","780,828,523"
2024-03-12,外資自營商,"228,400","760,410","-532,010"
2024-03-12,自營商(避險),"16,923,935,098","12,749,652,478","4,174,282,620"
2024-03-13,外資自營商,"857,270","443,880","413,390"
2024-03-13,自營商(避險),"14,984,350,582","21,062,489,620","-6,078,139,038"
2024-03-13,投信,"17,548,236,591","11,022,456,767","6,525,779,824"
2024-03-13,自營商(自行買賣),"7,963,173,343","10,603,076,943","-2,639,903,600"
2024-03-13,外資及陸資(不含外資自營商),"179,683,233,492","172,698,533,200","6,984,700,292"
2024-03-13,合計,"220,178,994,008","215,386,556,530","4,792,437,478"
2024-03-14,自營商(自行買賣),"6,045,144,916","6,514,198,616","-469,053,700"
2024-03-14,外資自營商,"236,690","282,020","-45,330"
2024-03-14,自營商(避險),"13,844,543,467","20,398,012,768","-6,553,469,301"
2024-03-14,合計,"206,261,566,603","211,388,283,648","-5,126,717,045"
2024-03-14,外資及陸資(不含外資自營商),"175,647,575,401","175,139,674,094","507,901,307"
2024-03-14,投信,"10,724,302,819","9,336,398,170","1,387,904,649"
2024-03-15,合計,"266,520,856,369","280,140,899,869","-13,620,043,500"
2024-03-15,自營商(自行買賣),"8,068,990,171","6,759,925,583","1,309,064,588"
2024-03-15,外資自營商,"224,420","280,500","-56,080"
2024-03-15,投信,"16,626,265,744","14,536,691,686","2,089,574,058"
2024-03-15,自營商(避險),"14,359,135,941","19,661,566,423","-5,302,430,482"
2024-03-15,外資及陸資(不含外資自營商),"227,466,464,513","239,182,716,177","-11,716,251,664"
2024-03-18,合計,"181,411,220,382","176,445,918,993","4,965,301,389"
2024-03-18,投信,"20,723,031,649","7,516,067,026","13,206,964,623"
2024-03-18,外資自營商,"154,080","241,430","-87,350"
2024-03-18,自營商(避險),"13,492,648,316","14,462,911,383","-970,263,067"
2024-03-18,外資及陸資(不含外資自營商),"140,625,050,821","149,259,523,896","-8,634,473,075"
2024-03-18,自營商(自行買賣),"6,570,489,596","5,207,416,688","1,363,072,908"
2024-03-19,投信,"39,715,753,157","11,821,876,663","27,893,876,494"
2024-03-19,自營商(避險),"15,740,023,435","16,454,306,693","-714,283,258"
2024-03-19,外資自營商,"389,290","91,390","297,900"
2024-03-19,自營商(自行買賣),"6,140,719,723","6,795,589,338","-654,869,615"
2024-03-19,合計,"199,975,218,102","195,019,592,154","4,955,625,948"
2024-03-19,外資及陸資(不含外資自營商),"138,378,721,787","159,947,819,460","-21,569,097,673"
2024-03-20,投信,"25,988,569,051","10,146,550,671","15,842,018,380"
2024-03-20,外資自營商,"121,500","120,680",820
2024-03-20,合計,"203,822,203,480","224,769,624,297","-20,947,420,817"
2024-03-20,外資及陸資(不含外資自營商),"151,967,278,915","178,943,172,840","-26,975,893,925"
2024-03-20,自營商(自行買賣),"9,958,137,720","10,331,084,387","-372,946,667"
2024-03-20,自營商(避險),"15,908,217,794","25,348,816,399","-9,440,598,605"
2024-03-21,合計,"212,527,800,367","176,797,126,684","35,730,673,683"
2024-03-21,外資自營商,"363,620","407,220","-43,600"
2024-03-21,自營商(避險),"17,558,801,540","16,936,169,216","622,632,324"
2024-03-21,投信,"19,007,115,214","7,785,112,832","11,222,002,382"
2024-03-21,外資及陸資(不含外資自營商),"165,877,783,716","147,513,572,053","18,364,211,663"
2024-03-21,自營商(自行買賣),"10,084,099,897","4,562,272,583","5,521,827,314"
2024-03-22,自營商(自行買賣),"7,695,946,381","6,351,982,961","1,343,963,420"
2024-03-22,投信,"13,104,951,163","9,504,108,716","3,600,842,447"
2024-03-22,自營商(避險),"16,231,144,252","16,264,637,437","-33,493,185"
2024-03-22,外資及陸資(不含外資自營商),"157,568,396,615","155,131,586,476","2,436,810,139"
2024-03-22,合計,"194,600,438,411","187,252,315,590","7,348,122,821"
2024-03-22,外資自營商,"391,070",0,"391,070"
2024-03-25,外資自營商,"223,070",0,"223,070"
2024-03-25,自營商(避險),"12,103,846,030","11,861,049,347","242,796,683"
2024-03-25,外資及陸資(不含外資自營商),"98,500,219,323","107,764,684,587","-9,264,465,264"
2024-03-25,投信,"9,165,234,912","6,571,437,602","2,593,797,310"
2024-03-25,自營商(自行買賣),"4,852,857,469","4,045,648,327","807,209,142"
2024-03-25,合計,"124,622,157,734","130,242,819,863","-5,620,662,129"
2024-03-26,投信,"13,002,655,815","7,347,480,192","5,655,175,623"
2024-03-26,合計,"185,780,643,568","191,645,265,328","-5,864,621,760"
2024-03-26,自營商(避險),"13,635,279,016","18,404,186,425","-4,768,907,409"
2024-03-26,自營商(自行買賣),"6,194,559,492","7,520,109,747","-1,325,550,255"
2024-03-26,外資自營商,"421,780","6,300","415,480"
2024-03-26,外資及陸資(不含外資自營商),"152,948,149,245","158,373,488,964","-5,425,339,719"
2024-03-27,合計,"147,345,917,196","143,853,747,184","3,492,170,012"
2024-03-27,外資及陸資(不含外資自營商),"111,561,139,734","118,452,506,181","-6,891,366,447"
2024-03-27,投信,"16,881,158,493","8,174,135,110","8,707,023,383"
2024-03-27,自營商(自行買賣),"5,417,765,651","4,954,352,165","463,413,486"
2024-03-27,自營商(避險),"13,485,853,318","12,272,753,728","1,213,099,590"
2024-03-27,外資自營商,"303,200",980,"302,220"
2024-03-28,外資自營商,"851,170","44,750","806,420"
2024-03-28,合計,"180,270,811,767","180,443,661,420","-172,849,653"
2024-03-28,外資及陸資(不含外資自營商),"127,707,691,237","151,470,887,596","-23,763,196,359"
2024-03-28,投信,"30,474,373,568","6,623,776,958","23,850,596,610"
2024-03-28,自營商(自行買賣),"6,597,200,773","6,227,295,829","369,904,944"
2024-03-28,自營商(避險),"15,491,546,189","16,121,701,037","-630,154,848"
2024-03-29,自營商(自行買賣),"5,290,018,565","9,054,997,538","-3,764,978,973"
2024-03-29,外資及陸資(不含外資自營商),"128,104,245,058","127,702,240,649","402,004,409"
2024-03-29,合計,"214,676,375,095","160,459,606,191","54,216,768,904"
2024-03-29,投信,"67,412,629,649","7,468,282,728","59,944,346,921"
2024-03-29,自營商(避險),"13,869,481,823","16,234,085,276","-2,364,603,453"
2024-03-29,外資自營商,"1,496,090",0,"1,496,090"
2024-04-01,自營商(避險),"11,444,367,339","17,443,841,113","-5,999,473,774"
2024-04-01,外資自營商,"21,400","97,300","-75,900"
2024-04-01,合計,"125,621,088,400","128,438,858,586","-2,817,770,186"
2024-04-01,自營商(自行買賣),"7,380,025,118","4,080,583,672","3,299,441,446"
2024-04-01,外資及陸資(不含外資自營商),"97,995,506,889","100,617,589,153","-2,622,082,264"
2024-04-01,投信,"8,801,189,054","6,296,844,648","2,504,344,406"
2024-04-02,自營商(避險),"12,494,505,197","15,133,545,710","-2,639,040,513"
2024-04-02,合計,"156,978,481,149","146,494,461,701","10,484,019,448"
2024-04-02,投信,"10,182,376,747","5,115,134,998","5,067,241,749"
2024-04-02,自營商(自行買賣),"5,913,440,490","4,962,965,833","950,474,657"
2024-04-02,外資自營商,0,0,0
2024-04-02,外資及陸資(不含外資自營商),"128,388,158,715","121,282,815,160","7,105,343,555"
2024-04-03,自營商(自行買賣),"5,128,135,848","3,196,040,878","1,932,094,970"
2024-04-03,自營商(避險),"10,815,256,892","15,003,688,191","-4,188,431,299"
2024-04-03,合計,"142,205,175,008","159,932,054,877","-17,726,879,869"
2024-04-03,投信,"7,424,344,357","4,705,777,850","2,718,566,507"
2024-04-03,外資及陸資(不含外資自營商),"118,837,437,911","137,026,547,958","-18,189,110,047"
2024-04-03,外資自營商,"12,000",0,"12,000"
2024-04-08,自營商(自行買賣),"6,814,244,227","5,378,201,861","1,436,042,366"
2024-04-08,自營商(避險),"11,593,838,176","14,873,197,385","-3,279,359,209"
2024-04-08,外資自營商,"72,100",0,"72,100"
2024-04-08,外資及陸資(不含外資自營商),"140,950,137,982","153,317,072,633","-12,366,934,651"
2024-04-08,合計,"166,296,468,735","177,254,116,414","-10,957,647,679"
2024-04-08,投信,"6,938,248,350","3,685,644,535","3,252,603,815"
2024-04-09,投信,"5,385,714,866","4,646,924,063","738,790,803"
2024-04-09,自營商(避險),"13,358,199,044","12,588,277,977","769,921,067"
2024-04-09,外資及陸資(不含外資自營商),"149,869,829,935","129,271,163,053","20,598,666,882"
2024-04-09,外資自營商,"22,700",0,"22,700"
2024-04-09,合計,"175,154,740,315","152,017,756,936","23,136,983,379"
2024-04-09,自營商(自行買賣),"6,540,996,470","5,511,391,843","1,029,604,627"
2024-04-10,投信,"6,028,114,533","6,681,065,112","-652,950,579"
2024-04-10,自營商(避險),"11,977,186,392","12,302,451,180","-325,264,788"
2024-04-10,外資及陸資(不含外資自營商),"129,980,184,896","130,237,869,438","-257,684,542"
2024-04-10,外資自營商,"23,400",0,"23,400"
2024-04-10,合計,"153,534,420,693","154,059,175,665","-524,754,972"
2024-04-10,自營商(自行買賣),"5,548,934,872","4,837,789,935","711,144,937"
2024-04-11,外資自營商,0,"5,860","-5,860"
2024-04-11,自營商(自行買賣),"6,090,114,753","6,195,329,774","-105,215,021"
2024-04-11,合計,"161,595,070,165","168,632,942,115","-7,037,871,950"
2024-04-11,自營商(避險),"12,035,664,633","13,627,526,770","-1,591,862,137"
2024-04-11,投信,"7,298,675,373","7,441,120,189","-142,444,816"
2024-04-11,外資及陸資(不含外資自營商),"136,170,615,406","141,368,965,382","-5,198,349,976"
2024-04-12,外資及陸資(不含外資自營商),"147,561,917,816","155,029,392,872","-7,467,475,056"
2024-04-12,自營商(自行買賣),"5,818,907,020","7,154,904,423","-1,335,997,403"
2024-04-12,投信,"6,396,897,629","5,594,004,651","802,892,978"
2024-04-12,外資自營商,"15,520","1,680","13,840"
2024-04-12,自營商(避險),"11,916,091,446","12,935,459,816","-1,019,368,370"
2024-04-12,合計,"171,693,813,911","180,713,761,762","-9,019,947,851"
2024-04-15,投信,"9,020,809,498","6,265,116,737","2,755,692,761"
2024-04-15,外資及陸資(不含外資自營商),"142,179,960,011","170,055,320,301","-27,875,360,290"
2024-04-15,外資自營商,"85,200","61,700","23,500"
2024-04-15,自營商(自行買賣),"5,819,403,539","8,166,709,948","-2,347,306,409"
2024-04-15,自營商(避險),"14,655,322,965","22,111,830,916","-7,456,507,951"
2024-04-15,合計,"171,675,496,013","206,598,977,902","-34,923,481,889"
2024-04-16,自營商(自行買賣),"7,593,531,635","12,463,459,357","-4,869,927,722"
2024-04-16,投信,"10,763,129,470","9,149,732,289","1,613,397,181"
2024-04-16,合計,"186,252,174,048","244,210,695,615","-57,958,521,567"
2024-04-16,自營商(避險),"21,037,249,350","36,244,892,572","-15,207,643,222"
2024-04-16,外資自營商,"88,860","275,310","-186,450"
2024-04-16,外資及陸資(不含外資自營商),"146,858,263,593","186,352,611,397","-39,494,347,804"
2024-04-17,投信,"9,087,247,273","7,888,060,074","1,199,187,199"
2024-04-17,自營商(自行買賣),"5,937,547,629","7,818,496,589","-1,880,948,960"
2024-04-17,外資自營商,"239,860",0,"239,860"
2024-04-17,自營商(避險),"13,870,540,357","17,399,272,157","-3,528,731,800"
2024-04-17,合計,"150,768,018,143","177,194,441,205","-26,426,423,062"
2024-04-17,外資及陸資(不含外資自營商),"121,872,682,884","144,088,612,385","-22,215,929,501"
2024-04-18,合計,"177,236,846,834","183,203,928,892","-5,967,082,058"
2024-04-18,外資自營商,"11,970","23,000","-11,030"
2024-04-18,外資及陸資(不含外資自營商),"146,053,307,935","152,712,792,674","-6,659,484,739"
2024-04-18,自營商(避險),"12,513,149,032","14,705,054,666","-2,191,905,634"
2024-04-18,自營商(自行買賣),"5,528,767,507","4,017,775,934","1,510,991,573"
2024-04-18,投信,"13,141,622,360","11,768,305,618","1,373,316,742"
2024-04-19,自營商(避險),"26,746,065,371","43,072,341,933","-16,326,276,562"
2024-04-19,投信,"19,031,003,410","10,726,135,805","8,304,867,605"
2024-04-19,自營商(自行買賣),"10,370,501,623","16,434,369,928","-6,063,868,305"
2024-04-19,合計,"245,015,117,512","344,852,988,279","-99,837,870,767"
2024-04-19,外資自營商,"62,500","183,570","-121,070"
2024-04-19,外資及陸資(不含外資自營商),"188,867,547,108","274,620,140,613","-85,752,593,505"
2024-04-22,外資自營商,"138,900","107,210","31,690"
2024-04-22,外資及陸資(不含外資自營商),"160,518,944,609","173,472,836,719","-12,953,892,110"
2024-04-22,合計,"202,046,690,252","213,439,124,050","-11,392,433,798"
2024-04-22,自營商(避險),"14,691,095,070","21,264,484,777","-6,573,389,707"
2024-04-22,自營商(自行買賣),"7,878,698,214","6,955,428,944","923,269,270"
2024-04-22,投信,"18,957,952,359","11,746,373,610","7,211,578,749"
2024-04-23,外資自營商,"145,920",0,"145,920"
2024-04-23,外資及陸資(不含外資自營商),"131,260,370,653","129,776,808,075","1,483,562,578"
2024-04-23,自營商(避險),"8,110,698,797","10,825,303,881","-2,714,605,084"
2024-04-23,合計,"156,135,716,249","152,621,037,037","3,514,679,212"
2024-04-23,投信,"10,862,859,015","7,893,744,416","2,969,114,599"
2024-04-23,自營商(自行買賣),"5,901,787,784","4,125,180,665","1,776,607,119"
2024-04-24,自營商(自行買賣),"9,037,074,605","3,924,430,514","5,112,644,091"
2024-04-24,自營商(避險),"13,576,571,781","11,004,709,565","2,571,862,216"
2024-04-24,外資及陸資(不含外資自營商),"163,046,452,439","133,179,590,600","29,866,861,839"
2024-04-24,投信,"9,279,960,285","6,811,360,071","2,468,600,214"
2024-04-24,外資自營商,"63,750","155,200","-91,450"
2024-04-24,合計,"194,940,059,110","154,920,090,750","40,019,968,360"
2024-04-25,自營商(自行買賣),"4,505,565,159","4,050,988,321","454,576,838"
2024-04-25,投信,"6,580,658,598","3,236,426,234","3,344,232,364"
2024-04-25,外資及陸資(不含外資自營商),"114,138,911,162","138,771,516,364","-24,632,605,202"
2024-04-25,合計,"134,763,925,993","158,833,457,687","-24,069,531,694"
2024-04-25,外資自營商,"131,970","12,300","119,670"
2024-04-25,自營商(避險),"9,538,791,074","12,774,526,768","-3,235,735,694"
2024-04-26,自營商(自行買賣),"6,232,376,271","4,282,367,890","1,950,008,381"
2024-04-26,外資及陸資(不含外資自營商),"141,755,041,024","121,249,857,800","20,505,183,224"
2024-04-26,合計,"169,516,263,608","142,494,368,097","27,021,895,511"
2024-04-26,投信,"9,286,846,643","5,856,662,893","3,430,183,750"
2024-04-26,自營商(避險),"12,241,999,670","11,105,479,514","1,136,520,156"
2024-04-26,外資自營商,"23,560","45,800","-22,240"
2024-04-29,投信,"7,472,585,550","3,491,780,225","3,980,805,325"
2024-04-29,外資及陸資(不含外資自營商),"162,898,927,056","128,643,407,293","34,255,519,763"
2024-04-29,自營商(自行買賣),"6,461,385,217","3,931,782,344","2,529,602,873"
2024-04-29,合計,"190,303,377,564","147,948,356,270","42,355,021,294"
2024-04-29,外資自營商,"66,300",0,"66,300"
2024-04-29,自營商(避險),"13,470,479,741","11,881,386,408","1,589,093,333"
2024-04-30,外資自營商,"4,550",0,"4,550"
2024-04-30,自營商(自行買賣),"4,273,997,866","3,776,760,486","497,237,380"
2024-04-30,合計,"153,311,781,592","149,976,550,621","3,335,230,971"
2024-04-30,投信,"5,670,959,631","3,815,824,371","1,855,135,260"
2024-04-30,自營商(避險),"7,912,820,334","9,269,597,765","-1,356,777,431"
2024-04-30,外資及陸資(不含外資自營商),"135,454,003,761","133,114,367,999","2,339,635,762"
2024-05-02,投信,"7,766,177,647","2,450,756,498","5,315,421,149"
2024-05-02,自營商(避險),"10,578,669,329","14,329,329,513","-3,750,660,184"
2024-05-02,外資及陸資(不含外資自營商),"132,256,401,792","150,357,311,578","-18,100,909,786"
2024-05-02,外資自營商,0,0,0
2024-05-02,自營商(自行買賣),"6,560,583,806","5,191,478,671","1,369,105,135"
2024-05-02,合計,"157,161,832,574","172,328,876,260","-15,167,043,686"
2024-05-03,合計,"162,785,651,269","145,397,738,480","17,387,912,789"
2024-05-03,自營商(自行買賣),"4,874,738,270","4,195,593,524","679,144,746"
2024-05-03,自營商(避險),"9,785,377,092","11,869,822,834","-2,084,445,742"
2024-05-03,外資及陸資(不含外資自營商),"139,839,170,413","123,141,219,386","16,697,951,027"
2024-05-03,投信,"8,286,365,494","6,191,102,736","2,095,262,758"
2024-05-03,外資自營商,"148,700",0,"148,700"
2024-05-06,自營商(自行買賣),"5,904,370,947","3,701,488,764","2,202,882,183"
2024-05-06,自營商(避險),"11,498,430,218","12,562,977,458","-1,064,547,240"
2024-05-06,外資及陸資(不含外資自營商),"144,084,985,663","122,422,186,789","21,662,798,874"
2024-05-06,合計,"171,336,905,963","143,680,846,500","27,656,059,463"
2024-05-06,外資自營商,"552,000","35,300","516,700"
2024-05-06,投信,"9,849,119,135","4,994,193,489","4,854,925,646"
2024-05-07,合計,"166,183,170,137","154,058,611,591","12,124,558,546"
2024-05-07,外資及陸資(不含外資自營商),"139,762,151,825","132,768,038,696","6,994,113,129"
2024-05-07,自營商(自行買賣),"6,435,140,947","4,548,901,675","1,886,239,272"
2024-05-07,投信,"9,295,306,433","4,575,276,145","4,720,030,288"
2024-05-07,外資自營商,"652,020",0,"652,020"
2024-05-07,自營商(避險),"10,690,570,932","12,166,395,075","-1,475,824,143"
2024-05-08,合計,"168,350,924,092","163,532,078,626","4,818,845,466"
2024-05-08,外資自營商,"1,880,500",0,"1,880,500"
2024-05-08,外資及陸資(不含外資自營商),"145,335,409,511","142,949,469,965","2,385,939,546"
2024-05-08,自營商(自行買賣),"4,852,425,654","4,465,374,313","387,051,341"
2024-05-08,自營商(避險),"10,339,032,757","10,971,145,372","-632,112,615"
2024-05-08,投信,"7,824,056,170","5,146,088,976","2,677,967,194"
2024-05-09,合計,"156,297,800,564","176,496,588,872","-20,198,788,308"
2024-05-09,自營商(避險),"11,070,487,961","14,220,929,055","-3,150,441,094"
2024-05-09,投信,"8,743,420,801","5,678,584,077","3,064,836,724"
2024-05-09,自營商(自行買賣),"6,324,344,756","5,655,076,368","669,268,388"
2024-05-09,外資及陸資(不含外資自營商),"130,159,547,046","150,941,999,372","-20,782,452,326"
2024-05-09,外資自營商,0,0,0
2024-05-10,投信,"11,388,830,323","4,932,304,971","6,456,525,352"
2024-05-10,自營商(自行買賣),"8,321,184,869","5,352,450,708","2,968,734,161"
2024-05-10,自營商(避險),"13,657,778,396","15,935,857,491","-2,278,079,095"
2024-05-10,合計,"186,434,662,550","162,683,948,556","23,750,713,994"
2024-05-10,外資自營商,0,"7,660","-7,660"
2024-05-10,外資及陸資(不含外資自營商),"153,066,868,962","136,463,335,386","16,603,533,576"
2024-05-13,自營商(自行買賣),"4,442,264,777","5,756,330,683","-1,314,065,906"
2024-05-13,自營商(避險),"11,740,678,051","15,265,655,229","-3,524,977,178"
2024-05-13,投信,"9,881,983,959","6,463,088,382","3,418,895,577"
2024-05-13,外資及陸資(不含外資自營商),"147,135,897,506","131,248,440,219","15,887,457,287"
2024-05-13,合計,"173,200,824,293","158,733,514,513","14,467,309,780"
2024-05-13,外資自營商,"19,000","4,580","14,420"
2024-05-14,外資自營商,380,0,380
2024-05-14,投信,"10,032,698,296","5,249,031,127","4,783,667,169"
2024-05-14,自營商(自行買賣),"5,970,910,439","5,231,967,735","738,942,704"
2024-05-14,自營商(避險),"13,673,254,264","12,316,237,309","1,357,016,955"
2024-05-14,合計,"195,896,337,126","167,095,346,888","28,800,990,238"
2024-05-14,外資及陸資(不含外資自營商),"166,219,474,127","144,298,110,717","21,921,363,410"
2024-05-15,外資自營商,"19,050",0,"19,050"
2024-05-15,合計,"208,522,065,999","179,938,740,220","28,583,325,779"
2024-05-15,自營商(避險),"13,819,010,323","17,409,549,767","-3,590,539,444"
2024-05-15,投信,"6,840,550,001","4,801,020,952","2,039,529,049"
2024-05-15,外資及陸資(不含外資自營商),"177,113,416,471","150,419,946,538","26,693,469,933"
2024-05-15,自營商(自行買賣),"10,749,089,204","7,308,222,963","3,440,866,241"
2024-05-16,外資及陸資(不含外資自營商),"209,643,727,346","161,265,200,564","48,378,526,782"
2024-05-16,自營商(避險),"16,127,425,021","14,593,105,862","1,534,319,159"
2024-05-16,自營商(自行買賣),"8,678,399,782","5,451,717,374","3,226,682,408"
2024-05-16,外資自營商,"162,000",0,"162,000"
2024-05-16,投信,"5,821,549,835","6,871,521,874","-1,049,972,039"
2024-05-16,合計,"240,271,101,984","188,181,545,674","52,089,556,310"
2024-05-17,外資自營商,"405,600",0,"405,600"
2024-05-17,外資及陸資(不含外資自營商),"133,724,459,942","132,381,774,399","1,342,685,543"
2024-05-17,投信,"21,572,583,292","14,330,160,645","7,242,422,647"
2024-05-17,自營商(自行買賣),"6,704,294,771","4,102,803,888","2,601,490,883"
2024-05-17,合計,"174,278,563,981","164,889,168,522","9,389,395,459"
2024-05-17,自營商(避險),"12,277,225,976","14,074,429,590","-1,797,203,614"
2024-05-20,外資自營商,0,0,0
2024-05-20,投信,"22,843,842,127","16,574,500,354","6,269,341,773"
2024-05-20,自營商(自行買賣),"7,377,363,452","4,088,749,791","3,288,613,661"
2024-05-20,自營商(避險),"14,443,186,681","16,017,789,728","-1,574,603,047"
2024-05-20,外資及陸資(不含外資自營商),"144,425,202,781","150,976,293,035","-6,551,090,254"
2024-05-20,合計,"189,089,595,041","187,657,332,908","1,432,262,133"
2024-05-21,合計,"151,438,064,824","156,256,248,599","-4,818,183,775"
2024-05-21,外資及陸資(不含外資自營商),"123,603,233,168","126,785,682,952","-3,182,449,784"
2024-05-21,外資自營商,0,0,0
2024-05-21,自營商(自行買賣),"4,092,241,214","3,857,078,072","235,163,142"
2024-05-21,自營商(避險),"9,774,598,162","12,008,770,841","-2,234,172,679"
2024-05-21,投信,"13,967,992,280","13,604,716,734","363,275,546"
2024-05-22,自營商(避險),"13,782,046,892","10,854,275,040","2,927,771,852"
2024-05-22,自營商(自行買賣),"4,740,520,845","3,703,854,359","1,036,666,486"
2024-05-22,外資自營商,0,"12,300","-12,300"
2024-05-22,合計,"193,980,397,799","158,128,036,540","35,852,361,259"
2024-05-22,投信,"14,477,467,903","14,700,240,740","-222,772,837"
2024-05-22,外資及陸資(不含外資自營商),"160,980,362,159","128,869,666,401","32,110,695,758"
2024-05-23,外資及陸資(不含外資自營商),"173,291,165,032","156,607,650,829","16,683,514,203"
2024-05-23,外資自營商,"15,000",0,"15,000"
2024-05-23,自營商(自行買賣),"5,769,135,246","5,518,691,862","250,443,384"
2024-05-23,合計,"215,237,001,618","195,847,935,470","19,389,066,148"
2024-05-23,投信,"22,792,203,894","19,888,603,199","2,903,600,695"
2024-05-23,自營商(避險),"13,384,497,446","13,832,989,580","-448,492,134"
2024-05-24,投信,"12,354,441,258","13,651,338,454","-1,296,897,196"
2024-05-24,外資及陸資(不含外資自營商),"145,188,649,036","139,126,441,828","6,062,207,208"
2024-05-24,合計,"174,608,465,863","167,246,176,167","7,362,289,696"
2024-05-24,自營商(自行買賣),"4,962,679,612","4,130,318,899","832,360,713"
2024-05-24,外資自營商,0,0,0
2024-05-24,自營商(避險),"12,102,695,957","10,338,076,986","1,764,618,971"
2024-05-27,外資自營商,"6,669,000",0,"6,669,000"
2024-05-27,投信,"16,155,776,736","14,051,614,028","2,104,162,708"
2024-05-27,外資及陸資(不含外資自營商),"160,879,168,792","157,488,253,002","3,390,915,790"
2024-05-27,自營商(避險),"17,032,638,331","12,459,543,411","4,573,094,920"
2024-05-27,自營商(自行買賣),"6,819,220,952","4,475,132,116","2,344,088,836"
2024-05-27,合計,"200,886,804,811","188,474,542,557","12,412,262,254"
2024-05-28,投信,"13,610,993,007","15,404,449,909","-1,793,456,902"
2024-05-28,自營商(避險),"13,970,966,593","13,051,786,334","919,180,259"
2024-05-28,外資自營商,"40,000","18,650","21,350"
2024-05-28,自營商(自行買賣),"4,882,097,711","3,874,505,914","1,007,591,797"
2024-05-28,合計,"189,271,341,893","191,538,463,947","-2,267,122,054"
2024-05-28,外資及陸資(不含外資自營商),"156,807,284,582","159,207,721,790","-2,400,437,208"
2024-05-29,自營商(自行買賣),"4,556,368,148","4,269,740,150","286,627,998"
2024-05-29,外資自營商,"8,050",0,"8,050"
2024-05-29,投信,"12,601,514,094","12,980,837,150","-379,323,056"
2024-05-29,合計,"193,207,922,453","222,182,674,494","-28,974,752,041"
2024-05-29,外資及陸資(不含外資自營商),"163,742,680,281","191,228,248,173","-27,485,567,892"
2024-05-29,自營商(避險),"12,307,359,930","13,703,849,021","-1,396,489,091"
2024-05-30,外資自營商,"5,600",0,"5,600"
2024-05-30,外資及陸資(不含外資自營商),"127,171,502,042","170,678,347,964","-43,506,845,922"
2024-05-30,自營商(避險),"10,638,645,023","15,764,543,642","-5,125,898,619"
2024-05-30,合計,"156,716,842,690","209,280,979,858","-52,564,137,168"
2024-05-30,投信,"16,149,572,310","18,032,079,511","-1,882,507,201"
2024-05-30,自營商(自行買賣),"2,757,123,315","4,806,008,741","-2,048,885,426"
2024-05-31,外資及陸資(不含外資自營商),"324,854,107,747","357,872,918,845","-33,018,811,098"
2024-05-31,自營商(自行買賣),"5,012,071,177","6,712,863,349","-1,700,792,172"
2024-05-31,自營商(避險),"13,509,287,602","19,417,781,050","-5,908,493,448"
2024-05-31,外資自營商,0,0,0
2024-05-31,合計,"379,067,716,399","419,609,040,602","-40,541,324,203"
2024-05-31,投信,"35,692,249,873","35,605,477,358","86,772,515"
2024-06-03,投信,"27,021,994,305","23,794,179,543","3,227,814,762"
2024-06-03,外資及陸資(不含外資自營商),"139,732,601,319","136,831,277,700","2,901,323,619"
2024-06-03,自營商(自行買賣),"6,598,108,098","5,234,000,436","1,364,107,662"
2024-06-03,自營商(避險),"14,572,705,412","17,197,138,902","-2,624,433,490"
2024-06-03,合計,"187,925,409,134","183,056,596,581","4,868,812,553"
2024-06-03,外資自營商,"63,300",0,"63,300"
2024-06-04,合計,"175,318,175,463","201,055,448,983","-25,737,273,520"
2024-06-04,自營商(避險),"10,992,847,093","21,165,611,411","-10,172,764,318"
2024-06-04,自營商(自行買賣),"4,092,148,191","6,476,419,345","-2,384,271,154"
2024-06-04,外資及陸資(不含外資自營商),"136,728,125,194","157,010,931,066","-20,282,805,872"
2024-06-04,外資自營商,"127,000",0,"127,000"
2024-06-04,投信,"23,505,054,985","16,402,487,161","7,102,567,824"
2024-06-05,外資及陸資(不含外資自營商),"125,926,921,868","144,659,725,522","-18,732,803,654"
2024-06-05,自營商(避險),"11,410,249,353","16,450,802,939","-5,040,553,586"
2024-06-05,投信,"20,481,367,228","13,440,186,840","7,041,180,388"
2024-06-05,自營商(自行買賣),"4,704,908,794","6,009,582,121","-1,304,673,327"
2024-06-05,外資自營商,"58,400",0,"58,400"
2024-06-05,合計,"162,523,447,243","180,560,297,422","-18,036,850,179"
2024-06-06,自營商(避險),"15,937,685,778","17,198,233,989","-1,260,548,211"
2024-06-06,自營商(自行買賣),"6,076,802,223","7,735,274,394","-1,658,472,171"
2024-06-06,投信,"18,460,900,673","12,551,289,580","5,909,611,093"
2024-06-06,合計,"199,819,075,708","175,328,274,398","24,490,801,310"
2024-06-06,外資自營商,"32,400",0,"32,400"
2024-06-06,外資及陸資(不含外資自營商),"159,343,687,034","137,843,476,435","21,500,210,599"
2024-06-07,自營商(避險),"11,177,594,881","14,145,878,418","-2,968,283,537"
2024-06-07,自營商(自行買賣),"4,871,504,061","5,145,604,610","-274,100,549"
2024-06-07,投信,"15,678,819,970","12,703,958,788","2,974,861,182"
2024-06-07,外資及陸資(不含外資自營商),"146,472,361,264","156,327,176,722","-9,854,815,458"
2024-06-07,合計,"178,200,280,176","188,322,618,538","-10,122,338,362"
2024-06-07,外資自營商,0,0,0
2024-06-11,投信,"15,939,242,694","12,122,246,251","3,816,996,443"
2024-06-11,合計,"206,874,037,117","247,382,582,228","-40,508,545,111"
2024-06-11,自營商(避險),"13,011,757,550","20,993,696,852","-7,981,939,302"
2024-06-11,外資自營商,0,0,0
2024-06-11,外資及陸資(不含外資自營商),"171,801,733,775","205,094,013,055","-33,292,279,280"
2024-06-11,自營商(自行買賣),"6,121,303,098","9,172,626,070","-3,051,322,972"
2024-06-12,投信,"15,474,042,741","14,206,640,043","1,267,402,698"
2024-06-12,自營商(避險),"13,096,672,687","15,314,860,095","-2,218,187,408"
2024-06-12,合計,"197,832,777,517","182,213,622,125","15,619,155,392"
2024-06-12,外資自營商,0,0,0
2024-06-12,自營商(自行買賣),"4,970,677,466","5,218,159,263","-247,481,797"
2024-06-12,外資及陸資(不含外資自營商),"164,291,384,623","147,473,962,724","16,817,421,899"
2024-06-13,外資自營商,0,0,0
2024-06-13,自營商(自行買賣),"7,359,651,172","5,573,083,163","1,786,568,009"
2024-06-13,投信,"8,690,036,693","9,042,084,420","-352,047,727"
2024-06-13,自營商(避險),"17,937,638,949","17,933,986,498","3,652,451"
2024-06-13,外資及陸資(不含外資自營商),"190,385,271,794","158,079,901,223","32,305,370,571"
2024-06-13,合計,"224,372,598,608","190,629,055,304","33,743,543,304"
2024-06-14,投信,"8,273,116,780","7,935,973,031","337,143,749"
2024-06-14,外資及陸資(不含外資自營商),"170,624,590,533","150,696,988,925","19,927,601,608"
2024-06-14,自營商(自行買賣),"7,274,413,724","4,252,840,030","3,021,573,694"
2024-06-14,自營商(避險),"13,948,371,628","14,529,305,005","-580,933,377"
2024-06-14,合計,"200,120,492,665","177,415,106,991","22,705,385,674"
2024-06-14,外資自營商,0,0,0
2024-06-17,自營商(避險),"12,214,348,982","16,693,170,790","-4,478,821,808"
2024-06-17,合計,"152,194,367,350","166,321,816,892","-14,127,449,542"
2024-06-17,外資自營商,0,0,0
2024-06-17,自營商(自行買賣),"5,818,391,893","5,219,186,421","599,205,472"
2024-06-17,投信,"9,876,171,260","6,579,305,119","3,296,866,141"
2024-06-17,外資及陸資(不含外資自營商),"124,285,455,215","137,830,154,562","-13,544,699,347"
2024-06-18,投信,"10,302,568,913","7,222,528,486","3,080,040,427"
2024-06-18,外資自營商,0,0,0
2024-06-18,合計,"188,058,911,587","168,461,876,398","19,597,035,189"
2024-06-18,外資及陸資(不含外資自營商),"157,481,242,132","139,361,658,402","18,119,583,730"
2024-06-18,自營商(自行買賣),"6,423,848,460","5,358,467,575","1,065,380,885"
2024-06-18,自營商(避險),"13,851,252,082","16,519,221,935","-2,667,969,853"
2024-06-19,投信,"15,313,294,547","11,292,729,624","4,020,564,923"
2024-06-19,外資自營商,0,0,0
2024-06-19,自營商(自行買賣),"13,778,196,473","10,164,575,795","3,613,620,678"
2024-06-19,外資及陸資(不含外資自營商),"227,558,471,620","179,011,100,195","48,547,371,425"
2024-06-19,合計,"276,071,291,972","226,636,049,154","49,435,242,818"
2024-06-19,自營商(避險),"19,421,329,332","26,167,643,540","-6,746,314,208"
2024-06-20,合計,"214,491,142,207","183,232,060,445","31,259,081,762"
2024-06-20,自營商(避險),"15,673,618,630","14,906,941,329","766,677,301"
2024-06-20,自營商(自行買賣),"12,617,350,836","4,042,238,628","8,575,112,208"
2024-06-20,外資自營商,0,0,0
2024-06-20,外資及陸資(不含外資自營商),"175,481,844,864","152,772,329,860","22,709,515,004"
2024-06-20,投信,"10,718,327,877","11,510,550,628","-792,222,751"
2024-06-21,合計,"310,162,939,788","325,504,993,493","-15,342,053,705"
2024-06-21,外資及陸資(不含外資自營商),"266,093,803,739","279,885,996,883","-13,792,193,144"
2024-06-21,外資自營商,0,0,0
2024-06-21,自營商(避險),"16,839,659,951","17,748,783,800","-909,123,849"
2024-06-21,投信,"21,557,457,200","22,227,742,310","-670,285,110"
2024-06-21,自營商(自行買賣),"5,672,018,898","5,642,470,500","29,548,398"
2024-06-24,合計,"190,310,953,269","235,417,352,936","-45,106,399,667"
2024-06-24,外資自營商,0,0,0
2024-06-24,自營商(避險),"16,364,117,049","22,897,471,170","-6,533,354,121"
2024-06-24,投信,"24,480,691,330","15,971,859,200","8,508,832,130"
2024-06-24,自營商(自行買賣),"5,520,003,776","7,514,118,794","-1,994,115,018"
2024-06-24,外資及陸資(不含外資自營商),"143,946,141,114","189,033,903,772","-45,087,762,658"
2024-06-25,外資及陸資(不含外資自營商),"172,127,322,237","181,832,614,599","-9,705,292,362"
2024-06-25,外資自營商,0,0,0
2024-06-25,自營商(避險),"15,158,926,558","17,526,123,025","-2,367,196,467"
2024-06-25,投信,"16,159,612,334","12,869,368,126","3,290,244,208"
2024-06-25,合計,"208,339,356,341","217,327,873,641","-8,988,517,300"
2024-06-25,自營商(自行買賣),"4,893,495,212","5,099,767,891","-206,272,679"
2024-06-26,外資及陸資(不含外資自營商),"158,094,849,181","166,021,661,078","-7,926,811,897"
2024-06-26,合計,"197,868,172,525","198,615,472,286","-747,299,761"
2024-06-26,投信,"17,369,804,457","11,441,882,830","5,927,921,627"
2024-06-26,自營商(避險),"17,646,276,285","16,752,032,593","894,243,692"
2024-06-26,外資自營商,0,"37,200","-37,200"
2024-06-26,自營商(自行買賣),"4,757,242,602","4,399,895,785","357,346,817"
2024-06-27,外資自營商,0,0,0
2024-06-27,合計,"183,505,756,790","200,491,002,845","-16,985,246,055"
2024-06-27,投信,"16,358,607,482","13,467,396,001","2,891,211,481"
2024-06-27,外資及陸資(不含外資自營商),"147,742,517,012","163,874,328,515","-16,131,811,503"
2024-06-27,自營商(避險),"13,257,729,998","16,110,433,013","-2,852,703,015"
2024-06-27,自營商(自行買賣),"6,146,902,298","7,038,845,316","-891,943,018"
2024-06-28,自營商(避險),"13,264,044,198","14,376,542,106","-1,112,497,908"
2024-06-28,自營商(自行買賣),"7,236,942,255","5,402,617,134","1,834,325,121"
2024-06-28,投信,"19,194,354,652","19,969,680,403","-775,325,751"
2024-06-28,外資自營商,0,0,0
2024-06-28,外資及陸資(不含外資自營商),"168,085,599,527","159,008,573,378","9,077,026,149"
2024-06-28,合計,"207,780,940,632","198,757,413,021","9,023,527,611"
2024-07-01,投信,"19,473,793,858","17,710,442,870","1,763,350,988"
2024-07-01,外資自營商,0,0,0
2024-07-01,外資及陸資(不含外資自營商),"121,748,011,146","128,191,894,094","-6,443,882,948"
2024-07-01,合計,"164,326,488,959","168,583,803,139","-4,257,314,180"
2024-07-01,自營商(自行買賣),"6,036,779,143","4,752,460,790","1,284,318,353"
2024-07-01,自營商(避險),"17,067,904,812","17,929,005,385","-861,100,573"
2024-07-02,投信,"30,231,188,251","25,475,959,473","4,755,228,778"
2024-07-02,自營商(避險),"17,764,569,224","25,808,276,219","-8,043,706,995"
2024-07-02,外資及陸資(不含外資自營商),"135,781,309,543","160,023,904,026","-24,242,594,483"
2024-07-02,合計,"189,030,831,146","218,503,970,923","-29,473,139,777"
2024-07-02,自營商(自行買賣),"5,253,764,128","7,195,831,205","-1,942,067,077"
2024-07-02,外資自營商,0,0,0
2024-07-03,外資及陸資(不含外資自營商),"148,385,868,504","138,962,090,854","9,423,777,650"
2024-07-03,投信,"41,416,195,792","33,771,830,860","7,644,364,932"
2024-07-03,外資自營商,"39,400",0,"39,400"
2024-07-03,自營商(自行買賣),"7,873,357,060","4,901,705,677","2,971,651,383"
2024-07-03,自營商(避險),"16,638,096,063","16,851,973,028","-213,876,965"
2024-07-03,合計,"214,313,517,419","194,487,600,419","19,825,917,000"
2024-07-04,自營商(避險),"20,304,599,243","18,828,799,227","1,475,800,016"
2024-07-04,外資及陸資(不含外資自營商),"176,787,877,607","140,453,676,532","36,334,201,075"
2024-07-04,投信,"26,297,206,532","22,227,566,255","4,069,640,277"
2024-07-04,自營商(自行買賣),"7,109,217,117","7,593,055,472","-483,838,355"
2024-07-04,外資自營商,0,0,0
2024-07-04,合計,"230,498,900,499","189,103,097,486","41,395,803,013"
2024-07-05,外資及陸資(不含外資自營商),"134,193,459,993","139,728,549,161","-5,535,089,168"
2024-07-05,投信,"15,372,356,328","14,096,907,339","1,275,448,989"
2024-07-05,自營商(避險),"13,229,165,359","18,701,460,804","-5,472,295,445"
2024-07-05,外資自營商,0,0,0
2024-07-05,合計,"168,122,651,100","176,968,189,079","-8,845,537,979"
2024-07-05,自營商(自行買賣),"5,327,669,420","4,441,271,775","886,397,645"
2024-07-08,自營商(避險),"19,405,420,395","24,991,236,796","-5,585,816,401"
2024-07-08,投信,"13,869,967,453","12,429,857,863","1,440,109,590"
2024-07-08,外資自營商,0,0,0
2024-07-08,外資及陸資(不含外資自營商),"162,547,133,176","170,767,865,331","-8,220,732,155"
2024-07-08,自營商(自行買賣),"5,845,219,223","7,551,045,154","-1,705,825,931"
2024-07-08,合計,"201,667,740,247","215,740,005,144","-14,072,264,897"
2024-07-09,自營商(自行買賣),"6,283,348,867","7,928,525,584","-1,645,176,717"
2024-07-09,投信,"17,143,677,864","12,258,746,722","4,884,931,142"
2024-07-09,外資自營商,0,0,0
2024-07-09,外資及陸資(不含外資自營商),"185,426,904,745","201,144,903,703","-15,717,998,958"
2024-07-09,合計,"230,445,700,230","249,854,721,313","-19,409,021,083"
2024-07-09,自營商(避險),"21,591,768,754","28,522,545,304","-6,930,776,550"
2024-07-10,合計,"197,575,735,383","205,659,398,121","-8,083,662,738"
2024-07-10,自營商(避險),"16,184,724,137","16,925,446,460","-740,722,323"
2024-07-10,自營商(自行買賣),"5,777,939,098","5,451,567,748","326,371,350"
2024-07-10,外資自營商,0,0,0
2024-07-10,外資及陸資(不含外資自營商),"165,748,333,043","176,595,108,206","-10,846,775,163"
2024-07-10,投信,"9,864,739,105","6,687,275,707","3,177,463,398"
2024-07-11,自營商(自行買賣),"6,566,729,781","7,392,064,692","-825,334,911"
2024-07-11,投信,"10,152,486,300","8,636,556,394","1,515,929,906"
2024-07-11,合計,"211,015,048,365","208,664,924,667","2,350,123,698"
2024-07-11,自營商(避險),"17,862,754,087","19,417,924,232","-1,555,170,145"
2024-07-11,外資自營商,0,0,0
2024-07-11,外資及陸資(不含外資自營商),"176,433,078,197","173,218,379,349","3,214,698,848"
2024-07-12,投信,"12,796,189,970","6,056,131,292","6,740,058,678"
2024-07-12,自營商(避險),"18,668,522,419","31,691,643,318","-13,023,120,899"
2024-07-12,外資及陸資(不含外資自營商),"177,559,804,311","219,215,382,421","-41,655,578,110"
2024-07-12,合計,"215,360,496,883","265,297,396,687","-49,936,899,804"
2024-07-12,自營商(自行買賣),"6,335,980,183","8,334,239,656","-1,998,259,473"
2024-07-12,外資自營商,0,0,0
2024-07-15,外資自營商,0,0,0
2024-07-15,投信,"14,812,631,940","9,812,349,676","5,000,282,264"
2024-07-15,外資及陸資(不含外資自營商),"139,762,566,379","152,921,624,775","-13,159,058,396"
2024-07-15,自營商(自行買賣),"4,427,351,811","7,361,298,205","-2,933,946,394"
2024-07-15,合計,"174,601,229,453","193,376,879,429","-18,775,649,976"
2024-07-15,自營商(避險),"15,598,679,323","23,281,606,773","-7,682,927,450"
2024-07-16,自營商(避險),"14,115,379,534","21,792,276,434","-7,676,896,900"
2024-07-16,投信,"22,988,005,264","15,210,105,237","7,777,900,027"
2024-07-16,自營商(自行買賣),"4,508,485,743","6,720,543,577","-2,212,057,834"
2024-07-16,外資自營商,0,0,0
2024-07-16,外資及陸資(不含外資自營商),"142,748,035,778","148,026,189,248","-5,278,153,470"
2024-07-16,合計,"184,359,906,319","191,749,114,496","-7,389,208,177"
2024-07-17,合計,"209,366,930,671","250,846,227,598","-41,479,296,927"
2024-07-17,外資自營商,0,0,0
2024-07-17,自營商(自行買賣),"7,601,683,673","11,633,956,678","-4,032,273,005"
2024-07-17,外資及陸資(不含外資自營商),"167,330,668,092","197,712,279,947","-30,381,611,855"
2024-07-17,自營商(避險),"16,928,955,852","28,116,461,007","-11,187,505,155"
2024-07-17,投信,"17,505,623,054","13,383,529,966","4,122,093,088"
2024-07-18,合計,"237,320,525,064","290,049,197,529","-52,728,672,465"
2024-07-18,外資自營商,0,0,0
2024-07-18,投信,"21,907,697,648","12,712,080,929","9,195,616,719"
2024-07-18,外資及陸資(不含外資自營商),"189,440,523,261","242,792,319,322","-53,351,796,061"
2024-07-18,自營商(避險),"18,841,388,719","26,327,905,357","-7,486,516,638"
2024-07-18,自營商(自行買賣),"7,130,915,436","8,216,891,921","-1,085,976,485"
2024-07-19,合計,"191,884,907,373","265,225,711,930","-73,340,804,557"
2024-07-19,自營商(自行買賣),"5,470,842,416","7,297,809,489","-1,826,967,073"
2024-07-19,自營商(避險),"14,340,699,248","28,463,822,956","-14,123,123,708"
2024-07-19,外資自營商,0,0,0
2024-07-19,外資及陸資(不含外資自營商),"154,031,497,041","218,389,655,842","-64,358,158,801"
2024-07-19,投信,"18,041,868,668","11,074,423,643","6,967,445,025"
2024-07-22,外資自營商,0,0,0
2024-07-22,外資及陸資(不含外資自營商),"181,309,419,445","189,063,206,256","-7,753,786,811"
2024-07-22,合計,"233,325,151,015","238,558,317,386","-5,233,166,371"
2024-07-22,投信,"20,402,412,301","11,338,280,962","9,064,131,339"
2024-07-22,自營商(避險),"18,961,198,575","29,431,929,725","-10,470,731,150"
2024-07-22,自營商(自行買賣),"12,652,120,694","8,724,900,443","3,927,220,251"
2024-07-23,外資自營商,0,0,0
2024-07-23,投信,"14,191,076,344","5,836,539,272","8,354,537,072"
2024-07-23,自營商(避險),"11,602,246,223","16,811,869,434","-5,209,623,211"
2024-07-23,合計,"182,953,659,745","168,223,084,566","14,730,575,179"
2024-07-23,自營商(自行買賣),"4,530,685,679","5,822,507,124","-1,291,821,445"
2024-07-23,外資及陸資(不含外資自營商),"152,629,651,499","139,752,168,736","12,877,482,763"
2024-07-26,投信,"14,101,210,439","5,122,926,866","8,978,283,573"
2024-07-26,外資自營商,0,0,0
2024-07-26,外資及陸資(不含外資自營商),"158,969,913,633","243,387,501,923","-84,417,588,290"
2024-07-26,合計,"191,847,230,191","288,171,947,432","-96,324,717,241"
2024-07-26,自營商(自行買賣),"4,724,721,949","10,734,438,973","-6,009,717,024"
2024-07-26,自營商(避險),"14,051,384,170","28,927,079,670","-14,875,695,500"
2024-07-29,自營商(自行買賣),"4,711,844,931","9,599,015,296","-4,887,170,365"
2024-07-29,合計,"172,355,752,148","180,513,010,182","-8,157,258,034"
2024-07-29,自營商(避險),"10,024,936,841","19,253,533,518","-9,228,596,677"
2024-07-29,外資及陸資(不含外資自營商),"144,968,393,845","145,644,891,843","-676,497,998"
2024-07-29,外資自營商,0,"492,300","-492,300"
2024-07-29,投信,"12,650,576,531","6,015,569,525","6,635,007,006"
2024-07-30,外資自營商,0,0,0
2024-07-30,投信,"15,798,516,155","6,366,663,420","9,431,852,735"
2024-07-30,合計,"174,135,916,839","195,861,934,518","-21,726,017,679"
2024-07-30,自營商(避險),"13,408,911,602","20,393,057,177","-6,984,145,575"
2024-07-30,自營商(自行買賣),"7,501,999,493","8,067,889,662","-565,890,169"
2024-07-30,外資及陸資(不含外資自營商),"137,426,489,589","161,034,324,259","-23,607,834,670"
2024-07-31,自營商(避險),"10,435,059,759","14,866,953,276","-4,431,893,517"
2024-07-31,合計,"182,293,016,162","198,097,197,363","-15,804,181,201"
2024-07-31,投信,"11,602,871,207","5,254,969,908","6,347,901,299"
2024-07-31,外資及陸資(不含外資自營商),"156,233,954,023","172,691,562,488","-16,457,608,465"
2024-07-31,自營商(自行買賣),"4,021,131,173","5,283,711,691","-1,262,580,518"
2024-07-31,外資自營商,0,"217,000","-217,000"
2024-08-01,自營商(自行買賣),"5,990,282,008","6,900,276,502","-909,994,494"
2024-08-01,投信,"13,419,595,141","5,791,210,870","7,628,384,271"
2024-08-01,自營商(避險),"11,702,790,252","16,164,294,727","-4,461,504,475"
2024-08-01,合計,"204,410,256,115","183,919,709,533","20,490,546,582"
2024-08-01,外資自營商,"747,000",0,"747,000"
2024-08-01,外資及陸資(不含外資自營商),"173,297,588,714","155,063,927,434","18,233,661,280"
2024-08-02,外資自營商,0,0,0
2024-08-02,外資及陸資(不含外資自營商),"134,750,356,653","229,180,921,628","-94,430,564,975"
2024-08-02,自營商(避險),"15,479,737,603","41,314,673,905","-25,834,936,302"
2024-08-02,自營商(自行買賣),"7,273,192,343","19,452,504,148","-12,179,311,805"
2024-08-02,合計,"173,884,502,371","295,059,401,449","-121,174,899,078"
2024-08-02,投信,"16,381,215,772","5,111,301,768","11,269,914,004"
2024-08-05,自營商(避險),"22,167,160,935","56,380,846,077","-34,213,685,142"
2024-08-05,投信,"21,365,587,338","3,555,489,498","17,810,097,840"
2024-08-05,自營商(自行買賣),"6,042,556,015","24,344,101,679","-18,301,545,664"
2024-08-05,合計,"239,150,819,248","342,630,574,163","-103,479,754,915"
2024-08-05,外資自營商,0,0,0
2024-08-05,外資及陸資(不含外資自營商),"189,575,514,960","258,350,136,909","-68,774,621,949"
2024-08-06,自營商(避險),"23,263,389,552","32,048,661,771","-8,785,272,219"
2024-08-06,自營商(自行買賣),"10,805,410,125","13,733,244,442","-2,927,834,317"
2024-08-06,合計,"326,834,648,636","299,838,471,355","26,996,177,281"
2024-08-06,投信,"20,490,430,266","6,552,918,870","13,937,511,396"
2024-08-06,外資自營商,0,0,0
2024-08-06,外資及陸資(不含外資自營商),"272,275,418,693","247,503,646,272","24,771,772,421"
2024-08-07,自營商(避險),"15,182,336,804","17,539,760,934","-2,357,424,130"
2024-08-07,自營商(自行買賣),"6,054,998,448","5,652,704,414","402,294,034"
2024-08-07,外資自營商,0,0,0
2024-08-07,合計,"206,990,842,799","206,341,839,258","649,003,541"
2024-08-07,外資及陸資(不含外資自營商),"171,890,540,975","179,686,346,097","-7,795,805,122"
2024-08-07,投信,"13,862,966,572","3,463,027,813","10,399,938,759"
2024-08-08,自營商(避險),"10,894,560,263","19,827,777,144","-8,933,216,881"
2024-08-08,自營商(自行買賣),"6,346,454,024","8,467,043,147","-2,120,589,123"
2024-08-08,投信,"10,598,321,231","3,502,285,417","7,096,035,814"
2024-08-08,外資自營商,0,0,0
2024-08-08,外資及陸資(不含外資自營商),"140,042,225,558","185,251,576,794","-45,209,351,236"
2024-08-08,合計,"167,881,561,076","217,048,682,502","-49,167,121,426"
2024-08-09,合計,"211,200,370,268","191,999,173,327","19,201,196,941"
2024-08-09,投信,"8,488,672,051","3,449,303,003","5,039,369,048"
2024-08-09,自營商(避險),"11,462,668,400","15,862,716,921","-4,400,048,521"
2024-08-09,外資自營商,0,0,0
2024-08-09,外資及陸資(不含外資自營商),"186,928,080,746","161,466,887,252","25,461,193,494"
2024-08-09,自營商(自行買賣),"4,320,949,071","11,220,266,151","-6,899,317,080"
2024-08-12,自營商(避險),"8,513,289,501","13,994,769,291","-5,481,479,790"
2024-08-12,合計,"165,269,419,433","146,760,662,848","18,508,756,585"
2024-08-12,外資及陸資(不含外資自營商),"142,175,266,387","123,409,002,529","18,766,263,858"
2024-08-12,外資自營商,0,0,0
2024-08-12,投信,"11,172,648,837","3,027,070,432","8,145,578,405"
2024-08-12,自營商(自行買賣),"3,408,214,708","6,329,820,596","-2,921,605,888"
2024-08-13,自營商(避險),"8,001,586,373","10,764,141,590","-2,762,555,217"
2024-08-13,投信,"8,614,046,421","3,302,970,847","5,311,075,574"
2024-08-13,合計,"139,281,105,502","142,400,833,043","-3,119,727,541"
2024-08-13,自營商(自行買賣),"3,163,671,113","4,280,769,092","-1,117,097,979"
2024-08-13,外資及陸資(不含外資自營商),"119,501,801,595","124,052,951,514","-4,551,149,919"
2024-08-13,外資自營商,0,0,0
2024-08-14,自營商(避險),"9,700,204,296","13,762,300,819","-4,062,096,523"
2024-08-14,投信,"7,795,761,513","2,895,458,258","4,900,303,255"
2024-08-14,合計,"180,739,061,947","158,361,785,963","22,377,275,984"
2024-08-14,外資自營商,0,0,0
2024-08-14,自營商(自行買賣),"3,274,188,042","6,616,632,692","-3,342,444,650"
2024-08-14,外資及陸資(不含外資自營商),"159,968,908,096","135,087,394,194","24,881,513,902"
2024-08-15,自營商(自行買賣),"4,523,839,129","5,182,529,140","-658,690,011"
2024-08-15,外資自營商,0,0,0
2024-08-15,外資及陸資(不含外資自營商),"104,759,509,448","105,451,145,907","-691,636,459"
2024-08-15,投信,"5,086,835,322","7,081,112,439","-1,994,277,117"
2024-08-15,合計,"122,206,892,622","132,455,424,371","-10,248,531,749"
2024-08-15,自營商(避險),"7,836,708,723","14,740,636,885","-6,903,928,162"
2024-08-16,自營商(自行買賣),"6,685,663,656","4,722,172,900","1,963,490,756"
2024-08-16,外資自營商,"12,100",0,"12,100"
2024-08-16,自營商(避險),"11,817,269,144","11,025,644,345","791,624,799"
2024-08-16,投信,"9,606,314,088","3,992,327,314","5,613,986,774"
2024-08-16,合計,"194,385,002,390","140,675,602,587","53,709,399,803"
2024-08-16,外資及陸資(不含外資自營商),"166,275,755,502","120,935,458,028","45,340,297,474"
2024-08-19,自營商(避險),"8,909,796,418","12,460,660,246","-3,550,863,828"
2024-08-19,投信,"7,581,862,326","4,262,903,226","3,318,959,100"
2024-08-19,合計,"118,491,787,412","128,011,581,747","-9,519,794,335"
2024-08-19,自營商(自行買賣),"2,783,879,062","8,796,325,324","-6,012,446,262"
2024-08-19,外資及陸資(不含外資自營商),"99,216,249,606","102,491,692,951","-3,275,443,345"
2024-08-19,外資自營商,0,0,0
2024-08-20,外資自營商,0,0,0
2024-08-20,投信,"6,699,744,782","4,436,734,765","2,263,010,017"
2024-08-20,自營商(避險),"8,055,090,437","12,869,052,212","-4,813,961,775"
2024-08-20,自營商(自行買賣),"3,256,898,682","6,865,552,192","-3,608,653,510"
2024-08-20,外資及陸資(不含外資自營商),"114,289,603,319","109,532,357,267","4,757,246,052"
2024-08-20,合計,"132,301,337,220","133,703,696,436","-1,402,359,216"
2024-08-21,投信,"6,152,186,158","5,703,142,112","449,044,046"
2024-08-21,自營商(避險),"9,107,199,932","17,236,652,635","-8,129,452,703"
2024-08-21,外資及陸資(不含外資自營商),"115,411,712,948","120,433,480,640","-5,021,767,692"
2024-08-21,自營商(自行買賣),"4,223,192,377","12,602,824,941","-8,379,632,564"
2024-08-21,外資自營商,0,0,0
2024-08-21,合計,"134,894,291,415","155,976,100,328","-21,081,808,913"
2024-08-22,外資及陸資(不含外資自營商),"95,864,962,564","102,754,446,725","-6,889,484,161"
2024-08-22,外資自營商,0,0,0
2024-08-22,投信,"3,917,806,557","2,385,229,908","1,532,576,649"
2024-08-22,合計,"110,019,323,307","118,347,617,361","-8,328,294,054"
2024-08-22,自營商(避險),"7,049,071,571","9,941,414,713","-2,892,343,142"
2024-08-22,自營商(自行買賣),"3,187,482,615","3,266,526,015","-79,043,400"
2024-08-23,外資自營商,0,0,0
2024-08-23,投信,"5,806,942,498","2,728,080,641","3,078,861,857"
2024-08-23,自營商(避險),"9,152,570,300","9,848,879,568","-696,309,268"
2024-08-23,合計,"123,867,953,299","122,343,288,767","1,524,664,532"
2024-08-23,外資及陸資(不含外資自營商),"104,456,004,432","106,406,819,534","-1,950,815,102"
2024-08-23,自營商(自行買賣),"4,452,436,069","3,359,509,024","1,092,927,045"
2024-08-26,自營商(避險),"10,523,980,774","12,054,682,721","-1,530,701,947"
2024-08-26,外資自營商,0,0,0
2024-08-26,合計,"129,383,584,285","134,455,788,912","-5,072,204,627"
2024-08-26,投信,"5,865,507,041","2,857,810,021","3,007,697,020"
2024-08-26,自營商(自行買賣),"3,656,843,556","5,055,644,115","-1,398,800,559"
2024-08-26,外資及陸資(不含外資自營商),"109,337,252,914","114,487,652,055","-5,150,399,141"
2024-08-27,自營商(自行買賣),"3,257,506,997","3,823,536,737","-566,029,740"
2024-08-27,外資自營商,0,0,0
2024-08-27,投信,"7,118,867,400","2,297,718,865","4,821,148,535"
2024-08-27,外資及陸資(不含外資自營商),"88,418,616,539","101,214,970,054","-12,796,353,515"
2024-08-27,自營商(避險),"9,561,382,863","10,368,916,406","-807,533,543"
2024-08-27,合計,"108,356,373,799","117,705,142,062","-9,348,768,263"
2024-08-28,合計,"115,342,396,034","124,338,755,682","-8,996,359,648"
2024-08-28,外資及陸資(不含外資自營商),"97,688,482,385","109,234,763,080","-11,546,280,695"
2024-08-28,投信,"4,848,582,108","2,355,558,688","2,493,023,420"
2024-08-28,自營商(避險),"9,307,301,784","9,530,920,890","-223,619,106"
2024-08-28,外資自營商,0,0,0
2024-08-28,自營商(自行買賣),"3,498,029,757","3,217,513,024","280,516,733"
2024-08-29,投信,"7,140,808,945","4,109,175,532","3,031,633,413"
2024-08-29,外資及陸資(不含外資自營商),"102,285,251,160","126,427,847,439","-24,142,596,279"
2024-08-29,外資自營商,0,0,0
2024-08-29,自營商(避險),"10,122,737,930","12,553,812,556","-2,431,074,626"
2024-08-29,合計,"122,720,310,755","147,150,204,204","-24,429,893,449"
2024-08-29,自營商(自行買賣),"3,171,512,720","4,059,368,677","-887,855,957"
2024-08-30,合計,"224,762,468,013","224,304,008,662","458,459,351"
2024-08-30,外資自營商,0,0,0
2024-08-30,自營商(避險),"9,515,072,741","9,000,448,993","514,623,748"
2024-08-30,自營商(自行買賣),"3,897,055,108","3,242,209,907","654,845,201"
2024-08-30,外資及陸資(不含外資自營商),"205,800,142,341","210,539,605,732","-4,739,463,391"
2024-08-30,投信,"5,550,197,823","1,521,744,030","4,028,453,793"
2024-09-02,自營商(自行買賣),"3,307,685,049","3,803,873,313","-496,188,264"
2024-09-02,自營商(避險),"7,905,919,224","14,277,612,449","-6,371,693,225"
2024-09-02,外資及陸資(不含外資自營商),"83,801,955,675","96,600,155,588","-12,798,199,913"
2024-09-02,合計,"103,388,708,926","117,956,782,872","-14,568,073,946"
2024-09-02,外資自營商,0,0,0
2024-09-02,投信,"8,373,148,978","3,275,141,522","5,098,007,456"
2024-09-03,投信,"8,945,133,269","3,147,482,525","5,797,650,744"
2024-09-03,自營商(避險),"9,698,810,949","14,822,121,091","-5,123,310,142"
2024-09-03,自營商(自行買賣),"3,932,336,224","4,734,962,105","-802,625,881"
2024-09-03,外資自營商,0,0,0
2024-09-03,外資及陸資(不含外資自營商),"87,978,045,030","93,949,708,518","-5,971,663,488"
2024-09-03,合計,"110,554,325,472","116,654,274,239","-6,099,948,767"
2024-09-04,自營商(自行買賣),"9,067,232,747","20,612,273,976","-11,545,041,229"
2024-09-04,合計,"174,079,307,451","297,321,362,030","-123,242,054,579"
2024-09-04,外資自營商,0,0,0
2024-09-04,外資及陸資(不含外資自營商),"133,924,882,864","234,676,727,176","-100,751,844,312"
2024-09-04,自營商(避險),"16,047,008,864","38,475,478,272","-22,428,469,408"
2024-09-04,投信,"15,040,182,976","3,556,882,606","11,483,300,370"
2024-09-05,投信,"10,885,036,842","4,180,938,796","6,704,098,046"
2024-09-05,合計,"121,101,355,822","155,057,350,927","-33,955,995,105"
2024-09-05,外資自營商,0,0,0
2024-09-05,自營商(自行買賣),"4,340,051,176","9,797,138,261","-5,457,087,085"
2024-09-05,自營商(避險),"9,301,552,059","18,790,716,132","-9,489,164,073"
2024-09-05,外資及陸資(不含外資自營商),"96,574,715,745","122,288,557,738","-25,713,841,993"
2024-09-06,投信,"9,696,028,901","3,799,835,229","5,896,193,672"
2024-09-06,自營商(自行買賣),"3,563,662,487","5,589,078,412","-2,025,415,925"
2024-09-06,外資自營商,0,0,0
2024-09-06,自營商(避險),"8,182,058,101","13,622,180,820","-5,440,122,719"
2024-09-06,外資及陸資(不含外資自營商),"94,926,976,227","93,731,001,515","1,195,974,712"
2024-09-06,合計,"116,368,725,716","116,742,095,976","-373,370,260"
2024-09-09,自營商(自行買賣),"5,699,523,958","7,115,936,811","-1,416,412,853"
2024-09-09,外資及陸資(不含外資自營商),"90,905,030,208","141,028,295,032","-50,123,264,824"
2024-09-09,投信,"11,516,750,343","2,951,158,749","8,565,591,594"
2024-09-09,外資自營商,0,0,0
2024-09-09,合計,"118,632,281,071","171,805,609,293","-53,173,328,222"
2024-09-09,自營商(避險),"10,510,976,562","20,710,218,701","-10,199,242,139"
2024-09-10,自營商(避險),"9,192,135,611","15,733,949,095","-6,541,813,484"
2024-09-10,自營商(自行買賣),"3,843,059,183","4,845,246,273","-1,002,187,090"
2024-09-10,投信,"7,400,327,141","4,994,224,423","2,406,102,718"
2024-09-10,合計,"123,823,034,633","155,973,034,816","-32,150,000,183"
2024-09-10,外資自營商,0,0,0
2024-09-10,外資及陸資(不含外資自營商),"103,387,512,698","130,399,615,025","-27,012,102,327"
2024-09-11,自營商(避險),"7,736,866,558","13,394,957,212","-5,658,090,654"
2024-09-11,自營商(自行買賣),"4,574,616,003","3,618,112,329","956,503,674"
2024-09-11,投信,"9,561,295,944","2,711,424,133","6,849,871,811"
2024-09-11,外資及陸資(不含外資自營商),"78,220,614,210","86,735,493,422","-8,514,879,212"
2024-09-11,外資自營商,0,0,0
2024-09-11,合計,"100,093,392,715","106,459,987,096","-6,366,594,381"
2024-09-12,外資自營商,0,0,0
2024-09-12,合計,"158,579,249,016","110,423,446,006","48,155,803,010"
2024-09-12,外資及陸資(不含外資自營商),"131,220,573,726","94,847,966,178","36,372,607,548"
2024-09-12,投信,"6,573,018,168","2,716,488,992","3,856,529,176"
2024-09-12,自營商(自行買賣),"6,369,661,697","2,243,266,705","4,126,394,992"
2024-09-12,自營商(避險),"14,415,995,425","10,615,724,131","3,800,271,294"
2024-09-13,合計,"108,181,412,118","104,712,722,049","3,468,690,069"
2024-09-13,自營商(避險),"6,741,021,231","9,974,186,287","-3,233,165,056"
2024-09-13,投信,"7,234,267,329","3,584,440,885","3,649,826,444"
2024-09-13,外資及陸資(不含外資自營商),"91,589,694,573","88,645,138,975","2,944,555,598"
2024-09-13,外資自營商,0,0,0
2024-09-13,自營商(自行買賣),"2,616,428,985","2,508,955,902","107,473,083"
2024-09-16,自營商(避險),"6,243,992,996","11,127,106,803","-4,883,113,807"
2024-09-16,自營商(自行買賣),"2,494,643,751","2,785,152,761","-290,509,010"
2024-09-16,投信,"7,861,697,044","5,389,985,247","2,471,711,797"
2024-09-16,合計,"91,373,621,501","96,128,612,440","-4,754,990,939"
2024-09-16,外資及陸資(不含外資自營商),"74,773,287,710","76,826,367,629","-2,053,079,919"
2024-09-16,外資自營商,0,0,0
2024-09-18,外資自營商,0,0,0
2024-09-18,外資及陸資(不含外資自營商),"109,391,575,552","125,316,345,766","-15,924,770,214"
2024-09-18,合計,"137,054,862,324","163,969,328,619","-26,914,466,295"
2024-09-18,自營商(避險),"8,789,150,499","19,143,433,884","-10,354,283,385"
2024-09-18,投信,"13,334,230,616","8,745,366,508","4,588,864,108"
2024-09-18,自營商(自行買賣),"5,539,905,657","10,764,182,461","-5,224,276,804"
2024-09-19,合計,"168,639,027,104","132,788,885,743","35,850,141,361"
2024-09-19,外資自營商,0,0,0
2024-09-19,外資及陸資(不含外資自營商),"135,165,370,924","108,058,671,033","27,106,699,891"
2024-09-19,投信,"11,431,966,633","8,697,223,140","2,734,743,493"
2024-09-19,自營商(避險),"13,783,967,475","12,574,567,385","1,209,400,090"
2024-09-19,自營商(自行買賣),"8,257,722,072","3,458,424,185","4,799,297,887"
2024-09-20,合計,"256,718,615,692","229,579,338,704","27,139,276,988"
2024-09-20,外資自營商,0,0,0
2024-09-20,外資及陸資(不含外資自營商),"219,916,416,414","196,128,363,128","23,788,053,286"
2024-09-20,自營商(自行買賣),"4,437,878,323","3,300,776,042","1,137,102,281"
2024-09-20,自營商(避險),"12,184,440,654","13,386,998,080","-1,202,557,426"
2024-09-20,投信,"20,179,880,301","16,763,201,454","3,416,678,847"
2024-09-23,外資自營商,0,0,0
2024-09-23,自營商(避險),"9,235,292,993","9,663,992,750","-428,699,757"
2024-09-23,外資及陸資(不含外資自營商),"102,398,177,937","90,807,864,936","11,590,313,001"
2024-09-23,投信,"14,022,914,700","9,722,844,092","4,300,070,608"
2024-09-23,合計,"131,459,571,021","112,670,118,347","18,789,452,674"
2024-09-23,自營商(自行買賣),"5,803,185,391","2,475,416,569","3,327,768,822"
2024-09-24,自營商(避險),"12,928,989,000","11,518,296,036","1,410,692,964"
2024-09-24,外資自營商,0,0,0
2024-09-24,外資及陸資(不含外資自營商),"124,288,107,459","113,741,947,360","10,546,160,099"
2024-09-24,自營商(自行買賣),"4,122,964,677","3,113,012,575","1,009,952,102"
2024-09-24,合計,"154,567,122,933","140,878,100,720","13,689,022,213"
2024-09-24,投信,"13,227,061,797","12,504,844,749","722,217,048"
2024-09-25,外資自營商,0,0,0
2024-09-25,自營商(自行買賣),"11,319,338,084","3,338,539,378","7,980,798,706"
2024-09-25,合計,"211,033,080,069","161,327,331,402","49,705,748,667"
2024-09-25,自營商(避險),"15,343,605,864","10,503,069,802","4,840,536,062"
2024-09-25,投信,"13,059,626,286","10,914,474,781","2,145,151,505"
2024-09-25,外資及陸資(不含外資自營商),"171,310,509,835","136,571,247,441","34,739,262,394"
2024-09-26,投信,"14,190,614,054","13,652,613,274","538,000,780"
2024-09-26,外資及陸資(不含外資自營商),"163,576,189,864","142,366,022,339","21,210,167,525"
2024-09-26,外資自營商,0,0,0
2024-09-26,合計,"200,595,301,166","173,976,843,777","26,618,457,389"
2024-09-26,自營商(自行買賣),"8,299,981,935","4,709,463,541","3,590,518,394"
2024-09-26,自營商(避險),"14,528,515,313","13,248,744,623","1,279,770,690"
2024-09-27,自營商(自行買賣),"6,228,280,979","4,050,520,990","2,177,759,989"
2024-09-27,合計,"196,259,865,675","166,114,605,475","30,145,260,200"
2024-09-27,外資及陸資(不含外資自營商),"163,713,451,668","139,063,994,040","24,649,457,628"
2024-09-27,投信,"9,321,269,701","8,344,267,653","977,002,048"
2024-09-27,外資自營商,0,0,0
2024-09-27,自營商(避險),"16,996,863,327","14,655,822,792","2,341,040,535"
2024-09-30,自營商(自行買賣),"3,682,371,093","4,840,163,112","-1,157,792,019"
2024-09-30,投信,"4,859,852,437","5,800,369,116","-940,516,679"
2024-09-30,外資自營商,0,0,0
2024-09-30,合計,"158,470,964,306","209,163,484,964","-50,692,520,658"
2024-09-30,自營商(避險),"14,564,695,569","22,818,270,099","-8,253,574,530"
2024-09-30,外資及陸資(不含外資自營商),"135,364,045,207","175,704,682,637","-40,340,637,430"
2024-10-01,外資及陸資(不含外資自營商),"88,893,481,905","98,201,122,967","-9,307,641,062"
2024-10-01,合計,"112,941,785,629","126,421,609,417","-13,479,823,788"
2024-10-01,自營商(避險),"9,204,621,796","14,016,674,653","-4,812,052,857"
2024-10-01,自營商(自行買賣),"3,572,802,012","4,390,740,655","-817,938,643"
2024-10-01,投信,"11,270,879,916","9,813,071,142","1,457,808,774"
2024-10-01,外資自營商,0,0,0
2024-10-04,合計,"190,900,054,270","213,957,468,769","-23,057,414,499"
2024-10-04,自營商(避險),"18,642,567,859","21,042,615,683","-2,400,047,824"
2024-10-04,投信,"10,209,136,978","6,761,797,423","3,447,339,555"
2024-10-04,外資及陸資(不含外資自營商),"156,975,347,788","179,294,217,230","-22,318,869,442"
2024-10-04,自營商(自行買賣),"5,073,001,645","6,858,838,433","-1,785,836,788"
2024-10-04,外資自營商,0,0,0
2024-10-07,自營商(避險),"17,197,381,439","17,542,905,080","-345,523,641"
2024-10-07,自營商(自行買賣),"7,213,362,463","3,628,846,634","3,584,515,829"
2024-10-07,外資自營商,0,0,0
2024-10-07,投信,"8,994,708,165","4,514,575,771","4,480,132,394"
2024-10-07,外資及陸資(不含外資自營商),"140,753,540,832","139,007,025,706","1,746,515,126"
2024-10-07,合計,"174,158,992,899","164,693,353,191","9,465,639,708"
2024-10-08,合計,"151,705,268,073","181,685,985,673","-29,980,717,600"
2024-10-08,外資及陸資(不含外資自營商),"121,861,330,107","147,183,468,719","-25,322,138,612"
2024-10-08,投信,"8,147,892,312","4,070,817,538","4,077,074,774"
2024-10-08,自營商(自行買賣),"3,226,600,257","5,342,619,343","-2,116,019,086"
2024-10-08,外資自營商,0,0,0
2024-10-08,自營商(避險),"18,469,445,397","25,089,080,073","-6,619,634,676"
2024-10-09,投信,"7,152,022,432","4,991,235,216","2,160,787,216"
2024-10-09,合計,"170,777,552,024","161,175,702,161","9,601,849,863"
2024-10-09,外資及陸資(不含外資自營商),"145,886,618,658","132,566,243,916","13,320,374,742"
2024-10-09,自營商(自行買賣),"3,859,597,305","5,166,870,285","-1,307,272,980"
2024-10-09,外資自營商,0,0,0
2024-10-09,自營商(避險),"13,879,313,629","18,451,352,744","-4,572,039,115"
2024-10-11,自營商(自行買賣),"3,867,515,907","3,464,132,863","403,383,044"
2024-10-11,合計,"161,243,913,288","139,110,848,266","22,133,065,022"
2024-10-11,投信,"5,117,040,272","2,725,500,054","2,391,540,218"
2024-10-11,外資及陸資(不含外資自營商),"140,509,639,142","118,521,110,915","21,988,528,227"
2024-10-11,自營商(避險),"11,749,717,967","14,400,104,434","-2,650,386,467"
2024-10-11,外資自營商,0,0,0
2024-10-14,投信,"8,307,251,485","3,219,249,032","5,088,002,453"
2024-10-14,外資自營商,0,0,0
2024-10-14,合計,"125,107,664,965","121,352,556,526","3,755,108,439"
2024-10-14,自營商(自行買賣),"3,793,409,157","2,575,147,210","1,218,261,947"
2024-10-14,外資及陸資(不含外資自營商),"100,982,432,105","102,590,131,907","-1,607,699,802"
2024-10-14,自營商(避險),"12,024,572,218","12,968,028,377","-943,456,159"
2024-10-16,外資及陸資(不含外資自營商),"150,056,242,281","184,177,223,563","-34,120,981,282"
2024-10-16,投信,"6,118,386,279","6,572,564,968","-454,178,689"
2024-10-16,合計,"179,003,247,356","216,041,061,226","-37,037,813,870"
2024-10-16,自營商(自行買賣),"7,719,552,084","4,570,342,921","3,149,209,163"
2024-10-16,自營商(避險),"15,109,066,712","20,720,929,774","-5,611,863,062"
2024-10-16,外資自營商,0,0,0
2024-10-17,自營商(自行買賣),"8,163,367,159","2,155,222,046","6,008,145,113"
2024-10-17,外資自營商,0,0,0
2024-10-17,自營商(避險),"13,470,720,389","13,501,292,408","-30,572,019"
2024-10-17,合計,"151,963,666,585","149,098,503,525","2,865,163,060"
2024-10-17,外資及陸資(不含外資自營商),"124,380,024,348","129,120,143,765","-4,740,119,417"
2024-10-17,投信,"5,949,554,689","4,321,845,306","1,627,709,383"
2024-10-21,自營商(自行買賣),"6,051,915,331","3,134,385,152","2,917,530,179"
2024-10-21,外資及陸資(不含外資自營商),"135,499,007,238","114,382,801,035","21,116,206,203"
2024-10-21,自營商(避險),"10,195,403,065","13,602,269,898","-3,406,866,833"
2024-10-21,投信,"9,738,118,894","7,664,013,576","2,074,105,318"
2024-10-21,外資自營商,0,0,0
2024-10-21,合計,"161,484,444,528","138,783,469,661","22,700,974,867"
2024-10-22,自營商(避險),"10,413,727,916","12,562,248,962","-2,148,521,046"
2024-10-22,外資及陸資(不含外資自營商),"135,967,485,492","128,110,189,951","7,857,295,541"
2024-10-22,自營商(自行買賣),"3,481,609,023","3,402,573,163","79,035,860"
2024-10-22,投信,"11,036,853,822","6,821,524,544","4,215,329,278"
2024-10-22,外資自營商,0,0,0
2024-10-22,合計,"160,899,676,253","150,896,536,620","10,003,139,633"
2024-10-24,外資及陸資(不含外資自營商),"113,911,772,486","120,597,029,827","-6,685,257,341"
2024-10-24,合計,"131,416,138,348","146,420,524,038","-15,004,385,690"
2024-10-24,外資自營商,0,0,0
2024-10-24,自營商(避險),"10,017,728,869","15,010,605,795","-4,992,876,926"
2024-10-24,投信,"4,822,900,751","4,777,667,350","45,233,401"
2024-10-24,自營商(自行買賣),"2,663,736,242","6,035,221,066","-3,371,484,824"
2024-10-25,投信,"6,588,747,276","7,857,693,782","-1,268,946,506"
2024-10-25,合計,"122,970,983,062","105,741,926,062","17,229,057,000"
2024-10-25,外資及陸資(不含外資自營商),"105,360,018,783","87,444,896,840","17,915,121,943"
2024-10-25,自營商(避險),"8,404,056,922","7,505,992,097","898,064,825"
2024-10-25,外資自營商,0,0,0
2024-10-25,自營商(自行買賣),"2,618,160,081","2,933,343,343","-315,183,262"
2024-10-28,自營商(自行買賣),"4,939,885,851","3,688,176,387","1,251,709,464"
2024-10-28,外資自營商,0,0,0
2024-10-28,投信,"4,189,549,620","4,478,414,912","-288,865,292"
2024-10-28,外資及陸資(不含外資自營商),"110,808,588,742","102,802,326,402","8,006,262,340"
2024-10-28,自營商(避險),"9,995,759,763","13,193,142,785","-3,197,383,022"
2024-10-28,合計,"129,933,783,976","124,162,060,486","5,771,723,490"
2024-10-29,外資及陸資(不含外資自營商),"103,791,918,668","132,961,528,427","-29,169,609,759"
2024-10-29,自營商(避險),"11,496,636,060","23,616,066,491","-12,119,430,431"
2024-10-29,合計,"129,883,788,873","169,487,315,220","-39,603,526,347"
2024-10-29,外資自營商,0,0,0
2024-10-29,自營商(自行買賣),"3,739,806,323","7,814,457,288","-4,074,650,965"
2024-10-29,投信,"10,855,427,822","5,095,263,014","5,760,164,808"
2024-11-05,自營商(避險),"10,700,641,113","14,960,976,760","-4,260,335,647"
2024-11-05,自營商(自行買賣),"3,138,121,557","4,208,592,957","-1,070,471,400"
2024-11-05,外資及陸資(不含外資自營商),"111,133,636,482","101,819,219,602","9,314,416,880"
2024-11-05,合計,"133,102,397,789","123,876,416,254","9,225,981,535"
2024-11-05,投信,"8,129,998,637","2,887,626,935","5,242,371,702"
2024-11-05,外資自營商,0,0,0
2024-11-07,自營商(避險),"15,276,788,342","13,415,875,326","1,860,913,016"
2024-11-07,自營商(自行買賣),"6,926,357,548","3,617,313,043","3,309,044,505"
2024-11-07,外資自營商,0,0,0
2024-11-07,投信,"6,210,697,375","3,650,029,267","2,560,668,108"
2024-11-07,合計,"173,180,662,708","160,014,919,322","13,165,743,386"
2024-11-07,外資及陸資(不含外資自營商),"144,766,819,443","139,331,701,686","5,435,117,757"
2024-11-08,自營商(避險),"13,511,918,669","14,382,922,863","-871,004,194"
2024-11-08,自營商(自行買賣),"6,007,623,277","4,357,212,476","1,650,410,801"
2024-11-08,外資自營商,0,0,0
2024-11-08,投信,"7,369,565,178","4,255,021,630","3,114,543,548"
2024-11-08,合計,"158,199,612,022","154,317,933,924","3,881,678,098"
2024-11-08,外資及陸資(不含外資自營商),"131,310,504,898","131,322,776,955","-12,272,057"
2024-11-25,自營商(自行買賣),"7,461,507,086","2,963,989,700","4,497,517,386"
2024-11-25,自營商(避險),"10,710,009,457","11,209,716,850","-499,707,393"
2024-11-25,合計,"265,925,863,126","250,605,177,861","15,320,685,265"
2024-11-25,投信,"13,760,917,693","7,653,882,462","6,107,035,231"
2024-11-25,外資自營商,0,0,0
2024-11-25,外資及陸資(不含外資自營商),"233,993,428,890","228,777,588,849","5,215,840,041"
2024-12-16,外資自營商,0,0,0
2024-12-16,自營商(自行買賣),"4,704,216,864","7,363,329,097","-2,659,112,233"
2024-12-16,自營商(避險),"11,339,321,923","18,447,811,382","-7,108,489,459"
2024-12-16,外資及陸資(不含外資自營商),"148,669,822,934","133,507,046,358","15,162,776,576"
2024-12-16,投信,"13,269,026,704","11,674,554,010","1,594,472,694"
2024-12-16,合計,"177,982,388,425","170,992,740,847","6,989,647,578"
2024-12-19,外資及陸資(不含外資自營商),"135,535,411,223","169,058,878,522","-33,523,467,299"
2024-12-19,投信,"16,616,251,991","18,954,236,222","-2,337,984,231"
2024-12-19,合計,"168,547,661,234","210,124,131,590","-41,576,470,356"
2024-12-19,外資自營商,0,0,0
2024-12-19,自營商(避險),"11,158,061,875","17,685,948,471","-6,527,886,596"
2024-12-19,自營商(自行買賣),"5,237,936,145","4,425,068,375","812,867,770"
2024-12-20,合計,"214,485,397,925","269,534,543,122","-55,049,145,197"
2024-12-20,投信,"34,041,323,095","33,708,163,995","333,159,100"
2024-12-20,外資及陸資(不含外資自營商),"166,813,831,049","215,470,223,791","-48,656,392,742"
2024-12-20,自營商(自行買賣),"4,159,833,041","5,040,104,414","-880,271,373"
2024-12-20,外資自營商,0,0,0
2024-12-20,自營商(避險),"9,470,410,740","15,316,050,922","-5,845,640,182"
2024-12-23,合計,"183,490,492,635","138,386,178,389","45,104,314,246"
2024-12-23,自營商(避險),"12,488,690,035","9,035,473,140","3,453,216,895"
2024-12-23,自營商(自行買賣),"5,243,028,941","2,975,504,988","2,267,523,953"
2024-12-23,投信,"28,511,963,195","28,371,289,300","140,673,895"
2024-12-23,外資自營商,0,0,0
2024-12-23,外資及陸資(不含外資自營商),"137,246,810,464","98,003,910,961","39,242,899,503"
2024-12-26,合計,"116,450,525,883","111,293,610,486","5,156,915,397"
2024-12-26,外資及陸資(不含外資自營商),"85,705,495,471","82,616,679,755","3,088,815,716"
2024-12-26,投信,"19,570,125,107","19,401,082,178","169,042,929"
2024-12-26,自營商(自行買賣),"3,383,285,478","2,210,977,967","1,172,307,511"
2024-12-26,外資自營商,0,0,0
2024-12-26,自營商(避險),"7,791,619,827","7,064,870,586","726,749,241"
2024-12-27,自營商(避險),"8,490,469,990","7,014,859,336","1,475,610,654"
2024-12-27,外資自營商,0,0,0
2024-12-27,自營商(自行買賣),"2,823,067,240","3,026,888,416","-203,821,176"
2024-12-27,投信,"7,467,339,022","9,224,947,120","-1,757,608,098"
2024-12-27,合計,"102,719,393,531","97,729,712,937","4,989,680,594"
2024-12-27,外資及陸資(不含外資自營商),"83,938,517,279","78,463,018,065","5,475,499,214"
2025-01-06,外資自營商,0,0,0
2025-01-06,自營商(自行買賣),"8,408,337,334","3,209,729,766","5,198,607,568"
2025-01-06,自營商(避險),"19,872,813,278","11,611,231,188","8,261,582,090"
2025-01-06,投信,"10,295,679,349","11,358,849,230","-1,063,169,881"
2025-01-06,外資及陸資(不含外資自營商),"154,241,743,903","102,235,331,579","52,006,412,324"
2025-01-06,合計,"192,818,573,864","128,415,141,763","64,403,432,101"
2025-01-21,外資及陸資(不含外資自營商),"91,589,581,296","91,330,432,121","259,149,175"
2025-01-21,投信,"8,091,215,244","6,728,994,407","1,362,220,837"
2025-01-21,外資自營商,0,0,0
2025-01-21,自營商(自行買賣),"2,541,264,088","2,378,704,875","162,559,213"
2025-01-21,自營商(避險),"7,312,400,227","9,676,797,561","-2,364,397,334"
2025-01-21,合計,"109,534,460,855","110,114,928,964","-580,468,109"
